date, pm25, pm10, o3, no2, so2, co
01/07/2022,38,40,30, , , 
02/07/2022,35, , , , , 
08/07/2022,155,19,9, , , 
09/07/2022,156,11,17, , ,1
10/07/2022,96,15,15, , ,1
11/07/2022,23,17,16, , ,1
12/07/2022,26,20,17, , ,1
13/07/2022,28,20,22, , ,1
14/07/2022,46,26,21, , ,1
15/07/2022,71,45,31, ,1,1
16/07/2022,57,37,26, , , 
17/07/2022,36,14,22, , , 
18/07/2022,157,20,23, , , 
19/07/2022,96,24,22, , , 
20/07/2022,38,30,28, , , 
21/07/2022,39,36,31, ,1, 
22/07/2022,42,35,29, , , 
23/07/2022,38,43,37, , , 
24/07/2022,42,31,30, , , 
25/07/2022,39,32,23, , , 
26/07/2022,41,38,30, , , 
27/07/2022,33,30,20, , , 
28/07/2022,32,28,23, , , 
29/07/2022,34,33,23, , , 
30/07/2022,36,20,23, , , 
31/07/2022,28,18,28, , ,1
01/08/2022,28,23,26, , ,1
02/08/2022,31,24,23, , ,1
03/08/2022,31,24,24, , ,1
04/08/2022,33,24,30, , ,1
05/08/2022,28,30,30, , , 
08/08/2022,33,28,24, , ,2
09/08/2022,32,29,22, , ,1
10/08/2022,34,22,25, , , 
11/08/2022,33,25,16, , , 
12/08/2022,32,26,11, , ,1
13/08/2022,30,32,6, , , 
14/08/2022,92,25,21, , , 
15/08/2022,43,26,17, , , 
16/08/2022,33,28,21, , , 
17/08/2022,35,38,24, , ,1
18/08/2022,40,40,16, ,1, 
19/08/2022,33,46,12, , , 
20/08/2022,37,33,17, , , 
21/08/2022,33,20,17, , , 
22/08/2022,30,19,15, , , 
23/08/2022,28,18,15, , , 
25/08/2022,103,51,16, , , 
26/08/2022,40,49,26, , , 
27/08/2022,37,38, , , , 
29/08/2022,40,28,15, , , 
30/08/2022,36,50,5, , , 
31/08/2022,103,50,11, , , 
01/09/2022,109,23,8, , , 
02/09/2022,103,14,10, , ,1
03/09/2022,101,22,13, , ,1
04/09/2022,72,18,13, , ,1
05/09/2022,29,23,10, , ,2
06/09/2022,34,25,8, , ,2
08/09/2022,37,32,8, , ,2
09/09/2022,30,32,13, , ,2
10/09/2022,32,23,13, , ,1
11/09/2022,31,17,8, , ,1
12/09/2022,29,22,12, , ,2
13/09/2022,31,33,6, , ,2
14/09/2022,38,35,5, , ,3
15/09/2022,96,45,6, , ,3
16/09/2022,34,36,1, , ,3
17/09/2022,29,14,9, , ,1
18/09/2022,27,18,10, , ,2
19/09/2022,30,20,7, , ,2
20/09/2022,27,15,10, ,1,2
21/09/2022,27,11,12, ,1,2
22/09/2022,27,25,8, , ,4
23/09/2022,32,31,7, , ,4
24/09/2022,29,33,11, , ,5
01/04/2022,82,13,19, , ,3
02/04/2022,42,8,14, , ,3
03/04/2022,15,24,9, , ,4
04/04/2022,24,31,6, , ,4
05/04/2022,33,41,6, , ,4
06/04/2022,42,38,8, , ,3
07/04/2022,26,30,14, , ,3
08/04/2022,92,25,18, , ,2
09/04/2022,83,14,17, , ,1
10/04/2022,15,10,22, , ,1
11/04/2022,81,26,7, , ,3
12/04/2022,100,43,10, , ,4
13/04/2022,42,41,11, , ,3
14/04/2022,43,45,11, ,1,4
15/04/2022,51,42,23, , ,2
16/04/2022,45,15,15, , ,1
17/04/2022,18,8,12, , ,2
18/04/2022,15,22,14, , ,2
19/04/2022,29,26,9, , ,2
20/04/2022,29,42,1, , ,4
21/04/2022,36,44,12, , ,4
22/04/2022,52,28,18, , ,2
23/04/2022,79,23,14, , ,2
24/04/2022,86,29,22, , ,1
25/04/2022,26,22,18, , ,1
26/04/2022,26,34,11, , ,2
27/04/2022,34,27,17, , , 
28/04/2022,29,18,17, , , 
29/04/2022,20,23,14, , , 
30/04/2022,26,27,9, , , 
01/05/2022,25,23,9, , , 
02/05/2022,131,20,7, , ,1
03/05/2022,65,28,14, , ,1
04/05/2022,36,41,9, , ,1
05/05/2022,44,38,7, , ,1
06/05/2022,43,35,12, , , 
07/05/2022,42,31,17, , , 
08/05/2022,35,34,11, , , 
09/05/2022,40,31,15, , , 
10/05/2022,41,29,20, , , 
11/05/2022,49,38,16, , , 
12/05/2022,45,40,18, , , 
13/05/2022,47,42,22, , , 
14/05/2022,46,25,24, , , 
15/05/2022,33,31,22, , , 
16/05/2022,37,42,13, , , 
17/05/2022,49,26,22, , , 
18/05/2022,44,19,16, , , 
19/05/2022,26,31,17, , , 
20/05/2022,38,36,26, , , 
21/05/2022,45,36,20, , , 
22/05/2022,38,35,7, , ,2
23/05/2022,34,43,14, , ,1
24/05/2022,50,45,9, , ,1
25/05/2022,46,43,19, , , 
26/05/2022,56,44,12, , , 
27/05/2022,41,48,10, , , 
28/05/2022,40,31,9, , ,2
29/05/2022,24,33,8, , ,1
30/05/2022,33,35,11, , ,1
31/05/2022,37,40,14, , ,1
01/06/2022,39,46,16, , , 
02/06/2022,39,38,21, , , 
03/06/2022,129,46,19, , , 
04/06/2022,40,38,21, , , 
05/06/2022,38,40,13, , , 
06/06/2022,32,34,13, , , 
07/06/2022,29,35,13, , , 
08/06/2022,31,30,9, , , 
09/06/2022,32,28,11, , , 
10/06/2022,102,18,13, , , 
11/06/2022,154,20,16, , , 
12/06/2022,102,24,16, , , 
13/06/2022,28,29,19, , , 
14/06/2022,29,24,23, , , 
15/06/2022,33,29,17, , , 
16/06/2022,39,36,23, , , 
17/06/2022,40,25,21, , , 
18/06/2022,35,25,20, , , 
19/06/2022,23, ,21, , ,2
21/06/2022,153,44,15, , ,1
22/06/2022,37,53,14, , ,1
23/06/2022,39,48,21, , , 
24/06/2022,33,52,17, , , 
25/06/2022,38,32,23, , , 
26/06/2022,29,42,23, , , 
27/06/2022,34,53,21, , , 
28/06/2022,36,28,16, , , 
29/06/2022,92,34,25, , , 
30/06/2022,37,43,21, , ,1
03/01/2022,115,83,1,10,1,16
04/01/2022,136,103,1,11,1,16
05/01/2022,145,94,8,6,1,14
06/01/2022,131,20,12,2, ,3
07/01/2022,42,65,4,6, ,8
08/01/2022,95,80,2,5,1,11
09/01/2022,123,18,7,3,1,5
10/01/2022,106,14,13,2,1,3
11/01/2022,36,18,15,2,1,3
12/01/2022,48,32,21,2,2,3
13/01/2022,63,68,10,7,2,10
14/01/2022,110,67,14,9,1,12
15/01/2022,107,63,5,8,1,10
16/01/2022,103,83,2,10,1,13
17/01/2022,131,27,16,3,2,4
18/01/2022,61,37,20,5,1,6
19/01/2022,145,73,4,10,2,13
20/01/2022,114,51,14,7,1,10
21/01/2022,91,18,18,3,1,4
22/01/2022,36,14,20,2,1,3
23/01/2022,31,19,19,3,1,4
24/01/2022,38,35,17,4,2,7
25/01/2022,60,70,5,7,2,13
26/01/2022,113,69,4,9,1,13
27/01/2022,101,70,8,9,1,14
28/01/2022,101,31,15,5,1,7
29/01/2022,53,58,8,8, ,12
30/01/2022,87,68,3,13,1,16
31/01/2022,103,46,10,7, ,10
01/02/2022,76,24,14,5,1,5
02/02/2022,41,19,19,4,1,5
03/02/2022,31,46,9,9, ,10
04/02/2022,65,91,3,12, ,16
05/02/2022,120,96,8,10,1,18
07/02/2022,78,15,22,4, ,5
08/02/2022,25,29,16,13, ,5
09/02/2022,65,56,3,15,1,10
10/02/2022,83,63,2,15,1,12
11/02/2022,90,40,11,17,1,8
12/02/2022,64,37,10, , ,8
13/02/2022,49,63,2, ,1,14
14/02/2022,61,59,4, , ,13
15/02/2022,56,56,4, , ,12
16/02/2022,64,60,2, , ,13
17/02/2022,68,38,13, , ,11
18/02/2022,56,47,10, , ,13
19/02/2022,65,49,7, , ,12
20/02/2022,72,38,6, , ,8
21/02/2022,49,24,12, , ,3
22/02/2022,30,16,15, , ,1
23/02/2022,26,21,16, , ,2
24/02/2022,29,49,3, , ,7
25/02/2022,61,55,8, ,1,6
26/02/2022,77,29,8, , ,3
27/02/2022,43,13,12, , ,3
28/02/2022,26,19,11, , ,3
01/03/2022,135,21,14, , ,3
02/03/2022,47,36,13, ,1,5
03/03/2022,49,51,4, , ,8
04/03/2022,68,51,14, ,1,6
05/03/2022,58,72,2, , ,15
06/03/2022,91,28,12, , ,6
07/03/2022,49,25,15, , ,5
08/03/2022,35,25,16, , ,4
09/03/2022,35,25,14, , ,5
10/03/2022,117,27,16, , ,6
11/03/2022,36,28,18, ,1,5
12/03/2022,45,39,14, , ,7
13/03/2022,56,50,7, ,1,6
14/03/2022,65,60,4, ,1,6
15/03/2022,76,60,4, ,1,6
16/03/2022,77,44,8, , ,2
17/03/2022,77,27,9, , ,2
18/03/2022,83,33,8, , ,2
19/03/2022,70,26,18, , ,1
20/03/2022,41,39,15, , ,3
21/03/2022,54,33,21, , ,1
22/03/2022,51,33,16, , ,2
23/03/2022,44,46,23, ,1,4
24/03/2022,57,44,27, ,1,3
25/03/2022,58,39,19, ,1,3
26/03/2022,44,47,22, ,1,4
27/03/2022,65,60,6, ,1,6
28/03/2022,67,47,8, , ,4
29/03/2022,54,54,4, , ,5
30/03/2022,47,63,7, , ,6
31/03/2022,112,49,13, , ,4
01/10/2021,42,28,13,3, ,1
02/10/2021,54,34,14,3, ,2
03/10/2021,64,38,8,5, ,3
04/10/2021,147,42,10,6, ,3
05/10/2021,75,36,8,5, ,2
06/10/2021,74,21,11,4, ,1
07/10/2021,48,18,4,5, ,3
08/10/2021,41,4,3,7, ,2
09/10/2021,21,12,1,9, ,2
10/10/2021,36,14,3,9, ,2
11/10/2021,29,35,9,7, ,1
12/10/2021,16,25,10,7, ,1
13/10/2021,142,11,10,6, , 
14/10/2021,25,6,11,2, ,1
15/10/2021,21,9,13,2, ,1
16/10/2021,24,21,17,1, ,1
17/10/2021,47,36,8,5, ,3
18/10/2021,69,39,9,6, ,3
19/10/2021,72,41,5,6, ,3
20/10/2021,80,48,6,6, ,4
21/10/2021,88,51,4,7, ,5
22/10/2021,100,55,9,6, ,6
25/10/2021,73,37,4,7,1,4
26/10/2021,71,43,7,7, ,5
27/10/2021,82,55,6,9,1,6
28/10/2021,105,58,4,9,1,7
29/10/2021,111,58,6,7,1,6
30/10/2021,110,54,7,6,1,6
31/10/2021,102,62,4,8,1,6
01/11/2021,119,55,3,6, ,2
02/11/2021,100,59,2,10, ,5
05/11/2021,68,46,3,6, ,1
06/11/2021,69,44,3,5, ,2
07/11/2021,69,58,1,8,1,3
08/11/2021,92,33,4,4, , 
09/11/2021,59,30,2,6, ,1
10/11/2021,55,37,4,6, ,2
11/11/2021,62,55,2,8, ,3
12/11/2021,93,63,3,8, ,3
13/11/2021,112,70,6,7,1,3
15/11/2021,127,58,2,7,1,1
16/11/2021,97,54,4,5, ,2
17/11/2021,88,62,7,6, ,4
18/11/2021,102,34,10,5,1,2
19/11/2021,64,53,6,7,1,4
20/11/2021,86,56,5,7, ,6
21/11/2021,96,85,1,9,1,12
22/11/2021,136,53,7,5, ,8
23/11/2021,64,34,10,4, ,3
24/11/2021,55,42,4,7, ,4
25/11/2021,71,28,6,13, ,5
26/11/2021,51,44,2,9, ,9
27/11/2021,79,38,10,8, ,7
28/11/2021,70,21,7,9, ,7
29/11/2021,40,19,12,4, ,6
30/11/2021,34,59,2,8, ,13
01/12/2021,106,75,1,10,1,19
02/12/2021,135,47,8,7, ,13
03/12/2021,92,29,10,4, ,10
04/12/2021,48,56,4,5, ,12
05/12/2021,91,36,5,5, ,11
06/12/2021,69,9,5,3,1,10
07/12/2021,24,58,1,5,1,16
08/12/2021,103,62,3,5, ,16
09/12/2021,105,48,3,7, ,17
10/12/2021,82,31,9,4, ,14
11/12/2021,68,12,10,2, ,13
12/12/2021,27,19,14,3,1,12
13/12/2021,39,18,17,2, ,12
14/12/2021,39,38,16,5,1,14
15/12/2021,64,42,16,5,1,15
16/12/2021,76,14,16,1,1,12
17/12/2021,93,11,15,2, ,12
18/12/2021,25,22,17,3,1,14
19/12/2021,41,40,11,6,1,12
20/12/2021,81,24,13,5,1,7
21/12/2021,51,62,5,9,1,11
22/12/2021,109,76,2,11,2,15
23/12/2021,131,92,1,13,2,20
24/12/2021,148,113,1,13,2,25
25/12/2021,155,118,1,13,2,27
26/12/2021,167,77,1,9,2,19
27/12/2021,127,62,2,9,1,15
28/12/2021,103,36,4,8, ,11
29/12/2021,62,16,10,3, ,8
30/12/2021,47,45,9,8,1,13
31/12/2021,71,76,10,7,1,17
01/01/2022,125,37,10,6,1,11
01/07/2021,120,26,28, , ,1
02/07/2021,72,21,25, , ,1
03/07/2021,59,25,31,1, ,1
04/07/2021,73,33,28,2, ,2
05/07/2021,65,31,31,1,1,1
06/07/2021,76,33,39,2, ,2
07/07/2021,77,25,34,2, ,2
08/07/2021,59,30,24,3, ,2
09/07/2021,70,32,27,1, ,2
10/07/2021,67,26,28,1, ,2
11/07/2021,59,31,31,2, ,2
12/07/2021,65,45,29,3, ,3
13/07/2021,126,59,27,4, ,3
14/07/2021,116,52,24,4, ,3
15/07/2021,99,52,23,3, ,3
16/07/2021,95,49,12,4, ,7
17/07/2021,95,22,15,5, ,3
18/07/2021,88,18,21,5, ,3
19/07/2021,57,25,26,5, ,3
20/07/2021,51,22,25,5, ,3
21/07/2021,50,17,26,5, ,3
22/07/2021,45,22,29,6, ,3
23/07/2021,50,27,36,6, ,3
24/07/2021,61,28,35,6, ,4
25/07/2021,66,35,32,8, ,4
26/07/2021,64,46,29,8, ,5
27/07/2021,85,52,28,9, ,5
28/07/2021,92,55,23,9, ,4
29/07/2021,96,55,30,8,1,5
30/07/2021,109,42,39,8, ,4
31/07/2021,85,41,38,6, ,4
01/08/2021,80,46,36,6, ,4
02/08/2021,105,32,34,7, ,4
03/08/2021,82,41,29,8, ,5
04/08/2021,82,56,29,7, ,5
05/08/2021,118,40,29,6, ,5
06/08/2021,99,16,33,7,1,5
07/08/2021,55, ,33,8, ,6
09/08/2021,72,41,37,8, ,4
10/08/2021,91,36,35,8, ,2
11/08/2021,85,22,37,7,1,1
12/08/2021,69,18,38,6, ,1
13/08/2021,45,26,38,7, ,2
14/08/2021,64,24,34,7, ,2
15/08/2021,66,36,28,11, ,3
16/08/2021,80,39,29,9, ,3
17/08/2021,85,35,28,7, ,2
18/08/2021,76,20,26,8, ,2
19/08/2021,58,21,27,8, ,2
20/08/2021,126,30,20,7, ,3
21/08/2021,63,28,26,8, ,3
22/08/2021,65,26,25,10, ,4
23/08/2021,67,32,25,10, ,3
24/08/2021,78,39,25,7, ,3
25/08/2021,85,22,11,8, ,4
26/08/2021,52,24,17,8, ,4
27/08/2021,46,29,30,7,1,3
28/08/2021,59,27,23,7,1,3
29/08/2021,64,25,22,8, ,3
30/08/2021,122,50,20,9, ,3
31/08/2021,51,26,24,4,1,2
01/09/2021,57,18,24,1,1, 
02/09/2021,58,25,18,4, ,2
03/09/2021,67,26,23,4, ,2
04/09/2021,68,28,30,9, ,1
05/09/2021,72,31,20,10, ,2
06/09/2021,78,30,16,10, ,2
07/09/2021,71,26,22,9,1,1
08/09/2021,61,27,15,10,1,2
09/09/2021,64,21,24,10,1,2
10/09/2021,71,28,25,17, ,2
11/09/2021,72,31,34,21, ,2
12/09/2021,69,43,31,25,1,4
13/09/2021,92,43,34,14,1,3
14/09/2021,101,45,27,13,1,4
15/09/2021,96,54,16,14, ,4
16/09/2021,123,52,9,14,1,4
17/09/2021,102,42,7,10, ,3
18/09/2021,70,25,13,9, ,3
19/09/2021,51,27,20,10, ,3
20/09/2021,54,19,16,8, ,2
21/09/2021,44,17,15,9, ,2
22/09/2021,39,16,18,9, ,2
23/09/2021,47,25,9,12, ,4
24/09/2021,55,35,16,13,1,4
25/09/2021,69,36,21,12, ,4
26/09/2021,72,39,13,14, ,5
27/09/2021,88,47,15,11,1,3
28/09/2021,79,30,7,11, ,4
29/09/2021,62,22,10,11, ,4
30/09/2021,47,19,10,5, ,2
01/04/2021,84,41,11,21, ,3
02/04/2021,91,34,20,7, ,2
03/04/2021,90,11,19,1, ,1
26/04/2021,66,27,16,13, ,7
27/04/2021,75,35,12,13, ,7
28/04/2021,77,36,19,13, ,8
29/04/2021,74,34,15,10, ,7
30/04/2021,71,42,13,8, ,8
01/05/2021,70,44,26,7, ,8
02/05/2021,85,26,26,6, ,8
03/05/2021,67,28,22,9, ,6
04/05/2021,71,25,18,10, ,4
05/05/2021,71,25,14,16, ,4
06/05/2021,66,32,16,14, ,5
07/05/2021,71,25,24,5, ,4
08/05/2021,72,21,19,9, ,5
09/05/2021,65,29,12,14, ,6
10/05/2021,74,36,12,16, ,4
11/05/2021,83,30,16,12, ,3
12/05/2021,64,20,23,7, ,2
13/05/2021,58,18,18,9, ,3
14/05/2021,51,19,15,9, ,3
15/05/2021,45,15,21,7, ,3
16/05/2021,44,24,13,14, ,3
17/05/2021,56,21,25,8, ,1
18/05/2021,57,20,25,11, ,2
19/05/2021,55,18,23,10, ,2
20/05/2021,54,16,22,9, ,2
21/05/2021,44,26,21,11, ,3
22/05/2021,66,25,23,11, ,3
23/05/2021,62,32,23,10, ,3
24/05/2021,69,42,13,17, ,4
25/05/2021,88,35,28,7, ,4
26/05/2021,74,34,28,10, ,4
27/05/2021,72,20,20,8, ,3
28/05/2021,55,19,27,8, ,3
29/05/2021,51,17,21,5, ,3
30/05/2021,50,16,21,7, ,4
31/05/2021,46,18,18,6, ,4
01/06/2021,51,21,28,7, ,4
02/06/2021,60,27,27,11, ,5
03/06/2021,72,27,24,12, ,5
04/06/2021,71,32,25,15, ,5
07/06/2021,61,21,23,7, ,3
08/06/2021,53,23,16,12, ,2
09/06/2021,100,30,25,14, ,2
10/06/2021,65,28,24,8, ,1
11/06/2021,60,22,28,7, ,1
12/06/2021,53,21,22,7, ,1
13/06/2021,52,21,18,7, ,1
14/06/2021,50,22,22,5,1,1
15/06/2021,56,26,25,7, ,1
16/06/2021,64,31,31,14, ,2
17/06/2021,67,32,29,8, ,2
18/06/2021,65,37,22,7, ,2
19/06/2021,68,44,28,9, ,2
20/06/2021,65,44,19,16, ,3
21/06/2021,69,54,13,17, ,3
22/06/2021,87,69,31,14, ,2
23/06/2021,141,77,3,20, , 
24/06/2021,172,60,7,13, ,3
25/06/2021,161,54,12,12, ,3
26/06/2021,122,35,7,13, , 
27/06/2021,71, , , , , 
29/06/2021,158,35,27,1, ,2
30/06/2021,124,49,26,2, ,2
04/01/2021,91,56, , , , 
05/01/2021,111,55, , , , 
06/01/2021,114,30, , , , 
07/01/2021,73,27, , , , 
08/01/2021,73,12, , , , 
09/01/2021,38,29, , , , 
10/01/2021,72,26, , , , 
11/01/2021,69,24, , , , 
12/01/2021,59,41, , , , 
13/01/2021,94,27, , , , 
14/01/2021,66,22, , , , 
15/01/2021,56,21, , , , 
16/01/2021,61,31, , , , 
17/01/2021,78,34, , , , 
18/01/2021,85,63, , , , 
19/01/2021,135,79, , , , 
20/01/2021,158,93, , , , 
21/01/2021,167,94, , , , 
22/01/2021,167,58, , , , 
23/01/2021,126,50, , , , 
24/01/2021,103,22, , , , 
25/01/2021,59,12, , , , 
26/01/2021,38,12, , , , 
27/01/2021,47,33, , , , 
28/01/2021,81,60, , , , 
29/01/2021,132,38, , , , 
30/01/2021,90,53, , , , 
31/01/2021,122,30, , , , 
01/02/2021,78,52, , , , 
02/02/2021,117,61, , , , 
03/02/2021,124,70, , , , 
04/02/2021,143,69, , , , 
05/02/2021,142,64, , , , 
06/02/2021,131,77, , , , 
07/02/2021,153,52, , , , 
08/02/2021,111,50, , , , 
09/02/2021,112,54, , , , 
10/02/2021,113,27, , , , 
11/02/2021,61,20, , , , 
12/02/2021,54,20, , , , 
13/02/2021,67,22, , , , 
14/02/2021,93,41, , , , 
15/02/2021,105,81, , , , 
16/02/2021,164,84, , , , 
17/02/2021,166,76, , , , 
18/02/2021,148,58, , , , 
19/02/2021,131,72, , , , 
20/02/2021,149,50, , , , 
21/02/2021,116,56, , , , 
22/02/2021,127,72, , , , 
23/02/2021,149,63, , , , 
24/02/2021,128,71, , , , 
25/02/2021,144,68, , , , 
26/02/2021,126,62, , , , 
27/02/2021,117,17, , , , 
28/02/2021,52,29, , , , 
01/03/2021,72,40, , , , 
02/03/2021,91,45, , , , 
03/03/2021,104,54, , , , 
04/03/2021,114,48, , , , 
05/03/2021,114,31, , , , 
06/03/2021,83,27, , , , 
07/03/2021,74,49, , , , 
08/03/2021,103,46, , , , 
09/03/2021,103,23, , , , 
10/03/2021,64,26, , , , 
11/03/2021,71,44, , , , 
12/03/2021,104,52, , , , 
13/03/2021,112,39, , , , 
14/03/2021,95,20, , , , 
15/03/2021,50,8, , , , 
16/03/2021,33,11, , , , 
17/03/2021,41,23, , , , 
18/03/2021,65,26, , , , 
19/03/2021,68,36, , , , 
20/03/2021,79,32, , , , 
21/03/2021,81,25, , , , 
22/03/2021,79,15, , , , 
23/03/2021,53,21, , , , 
24/03/2021,60,34, , , , 
25/03/2021,71,40,11, ,3,4
26/03/2021,108,46,7, ,2,4
27/03/2021,115,42,12, ,2,2
28/03/2021,103,33,16, ,2,1
29/03/2021,86,23,24, ,1,1
30/03/2021,64,31,18, , ,3
31/03/2021,76,33,20, ,1,2
01/10/2020,58,28, , , , 
02/10/2020,69,31, , , , 
03/10/2020,73,38, , , , 
04/10/2020,80,40, , , , 
05/10/2020,77,39, , , , 
06/10/2020,63,31, , , , 
07/10/2020,54,13, , , , 
08/10/2020,33,16, , , , 
09/10/2020,46,30, , , , 
10/10/2020,75,31, , , , 
11/10/2020,76,32, , , , 
12/10/2020,106,14, , , , 
13/10/2020,67,19, , , , 
14/10/2020,62,35, , , , 
15/10/2020,73,24, , , , 
16/10/2020,54, , , , , 
19/10/2020,59,37, , , , 
20/10/2020,91,40, , , , 
21/10/2020,83,42, , , , 
22/10/2020,93,38, , , , 
23/10/2020,93,54, , , , 
24/10/2020,123,54, , , , 
25/10/2020,119,39, , , , 
26/10/2020,85,53, , , , 
27/10/2020,116,52, , , , 
28/10/2020,115,48, , , , 
29/10/2020,116,30, , , , 
30/10/2020,82,34, , , , 
31/10/2020,83,28, , , , 
01/11/2020,72,49, , , , 
02/11/2020,109,66, , , , 
03/11/2020,145,54, , , , 
04/11/2020,114,39, , , , 
05/11/2020,94,23, , , , 
06/11/2020,66,38, , , , 
07/11/2020,90,53, , , , 
08/11/2020,121,68, , , , 
09/11/2020,151,67, , , , 
10/11/2020,152,78, , , , 
11/11/2020,156,82, , , , 
12/11/2020,149,92, , , , 
13/11/2020,168,76, , , , 
14/11/2020,162,72, , , , 
15/11/2020,155,74, , , , 
16/11/2020,154,73, , , , 
17/11/2020,155,41, , , , 
18/11/2020,99,42, , , , 
19/11/2020,98,48, , , , 
20/11/2020,111,24, , , , 
21/11/2020,69,37, , , , 
22/11/2020,93,65, , , , 
23/11/2020,146,75, , , , 
24/11/2020,151,64, , , , 
25/11/2020,147,87, , , , 
26/11/2020,168,91, , , , 
27/11/2020,171,94, , , , 
28/11/2020,172,81, , , , 
29/11/2020,154,25, , , , 
30/11/2020,67,54, , , , 
01/12/2020,116,72, , , , 
02/12/2020,147,72, , , , 
03/12/2020,146,41, , , , 
04/12/2020,91,55, , , , 
05/12/2020,119,55, , , , 
06/12/2020,125,35, , , , 
07/12/2020,82,37, , , , 
08/12/2020,84,38, , , , 
09/12/2020,87,44, , , , 
10/12/2020,100,59, , , , 
11/12/2020,127,62, , , , 
12/12/2020,126,41, , , , 
13/12/2020,93,13, , , , 
14/12/2020,45,32, , , , 
15/12/2020,77,68, , , , 
16/12/2020,131,48, , , , 
17/12/2020,105,34, , , , 
18/12/2020,80,37, , , , 
19/12/2020,74,29, , , , 
20/12/2020,68,35, , , , 
21/12/2020,76,41, , , , 
22/12/2020,87,76, , , , 
23/12/2020,150,93, , , , 
24/12/2020,151,92, , , , 
25/12/2020,146, , , , , 
03/01/2021,146,38, , , , 
01/07/2020,68,29, , , , 
02/07/2020,63,34, , , , 
03/07/2020,80,23, , , , 
04/07/2020,62,37, , , , 
05/07/2020,62,28, , , , 
06/07/2020,62,23, , , , 
07/07/2020,65,17, , , , 
08/07/2020,46,26, , , , 
09/07/2020,59,29, , , , 
10/07/2020,66,33, , , , 
11/07/2020,75,33, , , , 
12/07/2020,83,12, , , , 
13/07/2020,44,21, , , , 
14/07/2020,65,24, , , , 
15/07/2020,65,24, , , , 
16/07/2020,61,26, , , , 
17/07/2020,67,19, , , , 
18/07/2020,47,16, , , , 
19/07/2020,49,14, , , , 
20/07/2020,46,18, , , , 
21/07/2020,53,23, , , , 
22/07/2020,67,24, , , , 
23/07/2020,61,37, , , , 
24/07/2020,63,35, , , , 
25/07/2020,59,28, , , , 
26/07/2020,44,27, , , , 
27/07/2020,53,19, , , , 
28/07/2020,54,23, , , , 
29/07/2020,82,23, , , , 
30/07/2020,70,26, , , , 
31/07/2020,66,21, , , , 
01/08/2020,60,17, , , , 
02/08/2020,47,26, , , , 
03/08/2020,54,30, , , , 
04/08/2020,71,31, , , , 
05/08/2020,78,16, , , , 
06/08/2020,42,15, , , , 
07/08/2020,34,23, , , , 
08/08/2020,52,22, , , , 
09/08/2020,50,34, , , , 
10/08/2020,66,30, , , , 
11/08/2020,76,44, , , , 
12/08/2020,80,29, , , , 
13/08/2020,66,36, , , , 
14/08/2020,74,35, , , , 
15/08/2020,71,28, , , , 
16/08/2020,42,37, , , , 
17/08/2020,59,28, , , , 
18/08/2020,61,26, , , , 
19/08/2020,44,22, , , , 
20/08/2020,37,20, , , , 
21/08/2020,56,26, , , , 
22/08/2020,62,26, , , , 
23/08/2020,66,40, , , , 
24/08/2020,82,35, , , , 
25/08/2020,69,18, , , , 
26/08/2020,51,25, , , , 
27/08/2020,61,27, , , , 
28/08/2020,65,38, , , , 
29/08/2020,85,32, , , , 
30/08/2020,77,32, , , , 
31/08/2020,77,39, , , , 
01/09/2020,78,21, , , , 
02/09/2020,58,23, , , , 
03/09/2020,56,20, , , , 
04/09/2020,57,16, , , , 
05/09/2020,62,24, , , , 
06/09/2020,64,30, , , , 
07/09/2020,74,34, , , , 
08/09/2020,85,33, , , , 
09/09/2020,82,39, , , , 
10/09/2020,86,43, , , , 
11/09/2020,122,30, , , , 
12/09/2020,99,24, , , , 
13/09/2020,77,25, , , , 
14/09/2020,75,31, , , , 
15/09/2020,83,33, , , , 
16/09/2020,85,31, , , , 
17/09/2020,82,29, , , , 
18/09/2020,70,21, , , , 
19/09/2020,84, , , , , 
20/09/2020,80,39, , , , 
21/09/2020,57,29, , , , 
22/09/2020,75,32, , , , 
23/09/2020,68,28, , , , 
24/09/2020,67,25, , , , 
25/09/2020,58,15, , , , 
26/09/2020,35,13, , , , 
27/09/2020,33,20, , , , 
28/09/2020,50,15, , , , 
29/09/2020,43,13, , , , 
30/09/2020,32,22, , , , 
01/04/2020,28,20, , , , 
02/04/2020,68,37, , , , 
03/04/2020,91,23, , , , 
04/04/2020,67,15, , , , 
05/04/2020,44,9, , , , 
06/04/2020,69,12, , , , 
07/04/2020,55,24, , , , 
08/04/2020,69,27, , , , 
09/04/2020,77,42, , , , 
10/04/2020,108,25, , , , 
11/04/2020,73,28, , , , 
12/04/2020,79,31, , , , 
13/04/2020,79,32, , , , 
14/04/2020,79,12, , , , 
15/04/2020,35,23, , , , 
16/04/2020,66,26, , , , 
17/04/2020,72,27, , , , 
18/04/2020,74,24, , , , 
19/04/2020,67,26, , , , 
20/04/2020,66,14, , , , 
21/04/2020,37,9, , , , 
22/04/2020,35,14, , , , 
23/04/2020,66,27, , , , 
24/04/2020,72,20, , , , 
25/04/2020,72,19, , , , 
26/04/2020,61,23, , , , 
27/04/2020,66,26, , , , 
28/04/2020,73,18, , , , 
29/04/2020,63,14, , , , 
30/04/2020,56,14, , , , 
01/05/2020,48,14, , , , 
02/05/2020,37,11, , , , 
03/05/2020,34,14, , , , 
04/05/2020,56,22, , , , 
05/05/2020,69,23, , , , 
06/05/2020,58,16, , , , 
07/05/2020,47,22, , , , 
08/05/2020,63,24, , , , 
09/05/2020,65,24, , , , 
10/05/2020,62,27, , , , 
11/05/2020,71,25, , , , 
12/05/2020,71,22, , , , 
13/05/2020,60,37, , , , 
14/05/2020,78,47, , , , 
15/05/2020,103,54, , , , 
16/05/2020,117,50, , , , 
17/05/2020,98,48, , , , 
18/05/2020,90,47, , , , 
19/05/2020,86,43, , , , 
20/05/2020,89,24, , , , 
21/05/2020,53,11, , , , 
22/05/2020,23,18, , , , 
23/05/2020,74,18, , , , 
24/05/2020,58,13, , , , 
25/05/2020,41,13, , , , 
26/05/2020,30,9, , , , 
27/05/2020,43,9, , , , 
28/05/2020,41,9, , , , 
29/05/2020,46,15, , , , 
30/05/2020,54,18, , , , 
31/05/2020,51,17, , , , 
01/06/2020,45,14, , , , 
02/06/2020,41,16, , , , 
03/06/2020,48,19, , , , 
04/06/2020,51,15, , , , 
05/06/2020,48,17, , , , 
06/06/2020,47,10, , , , 
07/06/2020,32,20, , , , 
08/06/2020,48,22, , , , 
09/06/2020,55,19, , , , 
10/06/2020,56,16, , , , 
11/06/2020,40,18, , , , 
12/06/2020,51,21, , , , 
13/06/2020,56,23, , , , 
14/06/2020,61,17, , , , 
15/06/2020,46,17, , , , 
16/06/2020,51,17, , , , 
17/06/2020,59,18, , , , 
18/06/2020,60,31, , , , 
19/06/2020,43,30, , , , 
20/06/2020,52,23, , , , 
21/06/2020,55,32, , , , 
22/06/2020,49,6, , , , 
23/06/2020,25,14, , , , 
24/06/2020,45,31, , , , 
25/06/2020,81,35, , , , 
26/06/2020,86,28, , , , 
27/06/2020,107,32, , , , 
28/06/2020,97,34, , , , 
29/06/2020,75,37, , , , 
30/06/2020,85,24, , , , 
01/01/2020,108,59, , , , 
02/01/2020,115,75, , , , 
03/01/2020,137,120, , , , 
04/01/2020,174,33, , , , 
05/01/2020,82,11, , , , 
06/01/2020,30,30, , , , 
07/01/2020,57,62, , , , 
08/01/2020,123,87, , , , 
09/01/2020,153,109, , , , 
10/01/2020,169,88, , , , 
11/01/2020,148,51, , , , 
12/01/2020,87,58, , , , 
13/01/2020,86,31, , , , 
14/01/2020,56,37, , , , 
15/01/2020,58,47, , , , 
16/01/2020,79,95, , , , 
17/01/2020,155,54, , , , 
18/01/2020,90,46, , , , 
19/01/2020,84,25, , , , 
20/01/2020,58,50, , , , 
21/01/2020,91,91, , , , 
22/01/2020,151,87, , , , 
23/01/2020,140,77, , , , 
24/01/2020,132,93, , , , 
25/01/2020,153,115, , , , 
26/01/2020,161,104, , , , 
27/01/2020,160,84, , , , 
28/01/2020,129,67, , , , 
29/01/2020,110,26, , , , 
30/01/2020,48,64, , , , 
04/02/2020,87,6, , , , 
05/02/2020,13,13, , , , 
06/02/2020,44,22, , , , 
07/02/2020,70,30, , , , 
08/02/2020,84,62, , , , 
09/02/2020,133,77, , , , 
10/02/2020,154,74, , , , 
11/02/2020,138,27, , , , 
12/02/2020,67,42, , , , 
13/02/2020,95,59, , , , 
14/02/2020,117,18, , , , 
15/02/2020,51,50, , , , 
16/02/2020,108,58, , , , 
17/02/2020,126,51, , , , 
18/02/2020,119,29, , , , 
19/02/2020,73,19, , , , 
20/02/2020,47,18, , , , 
21/02/2020,53,25, , , , 
22/02/2020,58,54, , , , 
23/02/2020,120,51, , , , 
24/02/2020,114,41, , , , 
25/02/2020,97,40, , , , 
26/02/2020,91,19, , , , 
27/02/2020,48,26, , , , 
28/02/2020,51,22, , , , 
29/02/2020,62,44, , , , 
01/03/2020,99,35, , , , 
02/03/2020,81,38, , , , 
03/03/2020,79,15, , , , 
04/03/2020,35,21, , , , 
05/03/2020,55,46, , , , 
06/03/2020,98,35, , , , 
07/03/2020,71,8, , , , 
08/03/2020,27,18, , , , 
09/03/2020,56,15, , , , 
10/03/2020,41,44, , , , 
11/03/2020,104,50, , , , 
12/03/2020,108,36, , , , 
13/03/2020,82,16, , , , 
14/03/2020,46,15, , , , 
15/03/2020,43,19, , , , 
16/03/2020,59,35, , , , 
17/03/2020,85,42, , , , 
18/03/2020,100,35, , , , 
19/03/2020,88,44, , , , 
20/03/2020,101,35, , , , 
21/03/2020,85,34, , , , 
22/03/2020,82,13, , , , 
23/03/2020,29,30, , , , 
24/03/2020,72,37, , , , 
25/03/2020,81,36, , , , 
26/03/2020,81,45, , , , 
27/03/2020,83,12, , , , 
28/03/2020,64,45, , , , 
29/03/2020,90,55, , , , 
30/03/2020,103,31, , , , 
31/03/2020,70,13, , , , 
01/10/2019,72,44, , , , 
02/10/2019,85,48, , , , 
03/10/2019,70,36, , , , 
04/10/2019,37,14, , , , 
05/10/2019,58,23, , , , 
06/10/2019,60,24, , , , 
07/10/2019,53,24, , , , 
08/10/2019,60,36, , , , 
09/10/2019,79,40, , , , 
10/10/2019,80,26, , , , 
11/10/2019,62,34, , , , 
12/10/2019,67,42, , , , 
13/10/2019,79,43, , , , 
14/10/2019,87,44, , , , 
15/10/2019,88,48, , , , 
16/10/2019,99,51, , , , 
17/10/2019,103,51, , , , 
18/10/2019,105,52, , , , 
19/10/2019,101,49, , , , 
20/10/2019,94,49, , , , 
21/10/2019,102,52, , , , 
22/10/2019,105,44, , , , 
23/10/2019,91,49, , , , 
24/10/2019,93,55, , , , 
25/10/2019,117,62, , , , 
26/10/2019,137,62, , , , 
27/10/2019,133,65, , , , 
28/10/2019,145,73, , , , 
29/10/2019,148,86, , , , 
30/10/2019,157,32, , , , 
31/10/2019,71,30, , , , 
01/11/2019,64,28, , , , 
02/11/2019,60,35, , , , 
03/11/2019,55,28, , , , 
04/11/2019,58,32, , , , 
05/11/2019,63,35, , , , 
06/11/2019,66,33, , , , 
07/11/2019,56,26, , , , 
08/11/2019,53,35, , , , 
09/11/2019,62,29, , , , 
10/11/2019,51,38, , , , 
11/11/2019,67,49, , , , 
12/11/2019,81,29, , , , 
13/11/2019,59,46, , , , 
14/11/2019,71,48, , , , 
15/11/2019,78,50, , , , 
16/11/2019,88,60, , , , 
17/11/2019,102,48, , , , 
18/11/2019,87,44, , , , 
19/11/2019,78,42, , , , 
20/11/2019,71,48, , , , 
21/11/2019,79,41, , , , 
22/11/2019,72,38, , , , 
23/11/2019,67,50, , , , 
24/11/2019,82,37, , , , 
25/11/2019,65,24, , , , 
26/11/2019,57,51, , , , 
27/11/2019,84,54, , , , 
28/11/2019,93,42, , , , 
29/11/2019,75,26, , , , 
30/11/2019,40,34, , , , 
01/12/2019,46,60, , , , 
02/12/2019,111,26, , , , 
03/12/2019,90,41, , , , 
04/12/2019,103,62, , , , 
05/12/2019,119,80, , , , 
06/12/2019,144,86, , , , 
07/12/2019,153,66, , , , 
08/12/2019,117,52, , , , 
09/12/2019,86,40, , , , 
10/12/2019,73,20, , , , 
11/12/2019,50,58, , , , 
12/12/2019,94,64, , , , 
13/12/2019,107,51, , , , 
14/12/2019,98,74, , , , 
15/12/2019,136,78, , , , 
16/12/2019,125,58, , , , 
17/12/2019,125,39, , , , 
18/12/2019,68,46, , , , 
19/12/2019,70,50, , , , 
20/12/2019,90,60, , , , 
21/12/2019,95,46, , , , 
22/12/2019,81,31, , , , 
23/12/2019,67,5, , , , 
24/12/2019,29,14, , , , 
25/12/2019,34,14, , , , 
26/12/2019,35,22, , , , 
27/12/2019,41,11, , , , 
28/12/2019,28,8, , , , 
29/12/2019,22, , , , , 
23/07/2019,114,20, , , , 
11/09/2019,81,42, , , , 
12/09/2019,102,35, , , , 
13/09/2019,93,33, , , , 
14/09/2019,82,26, , , , 
15/09/2019,69,24, , , , 
16/09/2019,77,29, , , , 
17/09/2019,91,37, , , , 
18/09/2019,121,46, , , , 
19/09/2019,92,28, , , , 
20/09/2019,62,17, , , , 
21/09/2019,61,22, , , , 
22/09/2019,69,30, , , , 
23/09/2019,80,42, , , , 
24/09/2019,65,40, , , , 
25/09/2019,62,29, , , , 
26/09/2019,61,25, , , , 
27/09/2019,50,21, , , , 
28/09/2019,62,28, , , , 
29/09/2019,61,27, , , , 
30/09/2019,70,37, , , , 
01/04/2019,136,53, , , , 
02/04/2019,130,46, , , , 
03/04/2019,107,36, , , , 
04/04/2019,86,41, , , , 
05/04/2019,96,40, , , , 
06/04/2019,115,36, , , , 
07/04/2019,104,38, , , , 
08/04/2019,94,8, , , , 
09/04/2019,35,16, , , , 
10/04/2019,56,10, , , , 
11/04/2019,51,10, , , , 
12/04/2019,61,17, , , , 
13/04/2019,64,21, , , , 
14/04/2019,66,14, , , , 
15/04/2019,47,16, , , , 
16/04/2019,74, , , , , 
17/04/2019,87, , , , , 
18/04/2019,82, , , , , 
19/04/2019,65, , , , , 
20/04/2019,104, , , , , 
21/04/2019,88,25, , , , 
22/04/2019,87,36, , , , 
23/04/2019,111,43, , , , 
24/04/2019,127,61, , , , 
25/04/2019,129,62, , , , 
26/04/2019,128,49, , , , 
27/04/2019,90,18, , , , 
28/04/2019,50,16, , , , 
29/04/2019,56,16, , , , 
30/04/2019,69,12, , , , 
01/05/2019,62,18, , , , 
02/05/2019,55,29, , , , 
03/05/2019,77, , , , , 
07/05/2019,67,27, , , , 
08/05/2019,75,39, , , , 
09/05/2019,90,22, , , , 
10/05/2019,69,19, , , , 
11/05/2019,64,27, , , , 
12/05/2019,80,27, , , , 
13/05/2019,67,25, , , , 
14/05/2019,67,12, , , , 
15/05/2019,38,23, , , , 
16/05/2019,67,26, , , , 
17/05/2019,73,30, , , , 
18/05/2019,78,36, , , , 
19/05/2019,105,30, , , , 
20/05/2019,91,14, , , , 
21/05/2019,57,23, , , , 
22/05/2019,68,23, , , , 
23/05/2019,72,16, , , , 
24/05/2019,71,15, , , , 
25/05/2019,57,26, , , , 
26/05/2019,68,31, , , , 
27/05/2019,74,29, , , , 
28/05/2019,82,22, , , , 
29/05/2019,67,21, , , , 
30/05/2019,67,27, , , , 
31/05/2019,70,26, , , , 
01/06/2019,77,21, , , , 
02/06/2019,58,15, , , , 
03/06/2019,44,21, , , , 
04/06/2019,52,23, , , , 
05/06/2019,58,20, , , , 
06/06/2019,54,33, , , , 
07/06/2019,109,40, , , , 
08/06/2019,94,40, , , , 
09/06/2019,83,32, , , , 
10/06/2019,83,27, , , , 
11/06/2019,74,27, , , , 
12/06/2019,74,41, , , , 
13/06/2019,100,45, , , , 
14/06/2019,95,35, , , , 
15/06/2019,88,31, , , , 
16/06/2019,86,28, , , , 
17/06/2019,73,24, , , , 
18/06/2019,64,20, , , , 
19/06/2019,54,37, , , , 
20/06/2019,109,27, , , , 
21/06/2019,96,32, , , , 
22/06/2019,97,37, , , , 
23/06/2019,109,35, , , , 
24/06/2019,73,25, , , , 
25/06/2019,69,29, , , , 
26/06/2019,82,30, , , , 
27/06/2019,98,24, , , , 
28/06/2019,83,7, , , , 
29/06/2019,69,5, , , , 
30/06/2019,60, , , , , 
01/01/2019,44,46, , , , 
02/01/2019,63,15, , , , 
03/01/2019,29,17, , , , 
04/01/2019,32,37, , , , 
05/01/2019,72,100, , , , 
06/01/2019,137,24, , , , 
07/01/2019,47,55, , , , 
08/01/2019,79,72, , , , 
09/01/2019,98,103, , , , 
10/01/2019,120,95, , , , 
11/01/2019,107,44, , , , 
12/01/2019,54,72, , , , 
13/01/2019,77,101, , , , 
14/01/2019,90,26, , , , 
15/01/2019,40,61, , , , 
16/01/2019,68,112, , , , 
17/01/2019,101,158, , , , 
18/01/2019,108,161, , , , 
19/01/2019,112,145, , , , 
20/01/2019,117,77, , , , 
21/01/2019,95,72, , , , 
22/01/2019,155,40, , , , 
23/01/2019,112,27, , , , 
24/01/2019,77,24, , , , 
25/01/2019,74,39, , , , 
26/01/2019,118,88, , , , 
27/01/2019,192,103, , , , 
28/01/2019,217,118, , , , 
29/01/2019,219,75, , , , 
30/01/2019,168,80, , , , 
31/01/2019,171,70, , , , 
01/02/2019,152,76, , , , 
02/02/2019,150,54, , , , 
03/02/2019,126,45, , , , 
04/02/2019,94,30, , , , 
05/02/2019,78,16, , , , 
06/02/2019,53,28, , , , 
07/02/2019,79,55, , , , 
08/02/2019,129,57, , , , 
09/02/2019,126,74, , , , 
10/02/2019,153,66, , , , 
11/02/2019,146,9, , , , 
12/02/2019,36,17, , , , 
13/02/2019,54,32, , , , 
14/02/2019,80,23, , , , 
15/02/2019,66,30, , , , 
16/02/2019,74,62, , , , 
17/02/2019,138,81, , , , 
18/02/2019,158,73, , , , 
19/02/2019,152,68, , , , 
20/02/2019,150,57, , , , 
21/02/2019,130,57, , , , 
22/02/2019,133,14, , , , 
23/02/2019,59,18, , , , 
24/02/2019,61,33, , , , 
25/02/2019,90,42, , , , 
26/02/2019,116,26, , , , 
27/02/2019,81,39, , , , 
28/02/2019,94,74, , , , 
01/03/2019,151, , , , , 
02/03/2019,109, , , , , 
03/03/2019,94,58, , , , 
04/03/2019,107,49, , , , 
05/03/2019,121,44, , , , 
06/03/2019,108,52, , , , 
07/03/2019,121,54, , , , 
08/03/2019,122,46, , , , 
09/03/2019,111,32, , , , 
10/03/2019,82,34, , , , 
11/03/2019,88,21, , , , 
12/03/2019,76,27, , , , 
13/03/2019,86,39, , , , 
14/03/2019,97,36, , , , 
15/03/2019,91,49, , , , 
16/03/2019,113,49, , , , 
17/03/2019,114,36, , , , 
18/03/2019,90,32, , , , 
19/03/2019,75,33, , , , 
20/03/2019,88,34, , , , 
21/03/2019,86,35, , , , 
22/03/2019,89,33, , , , 
23/03/2019,87,30, , , , 
24/03/2019,84,45, , , , 
25/03/2019,109,42, , , , 
26/03/2019,129,28, , , , 
27/03/2019,88,30, , , , 
28/03/2019,88,38, , , , 
29/03/2019,112,36, , , , 
30/03/2019,104,37, , , , 
31/03/2019,91,58, , , , 
01/10/2018,107,39, , , , 
02/10/2018,91,39, , , , 
03/10/2018,85,23, , , , 
04/10/2018,66,39, , , , 
05/10/2018,86,48, , , , 
06/10/2018,90,40, , , , 
07/10/2018,78,23, , , , 
08/10/2018,56,37, , , , 
09/10/2018,77,31, , , , 
10/10/2018,72,40, , , , 
11/10/2018,82,41, , , , 
12/10/2018,87,41, , , , 
13/10/2018,87,38, , , , 
14/10/2018,80,44, , , , 
15/10/2018,96,47, , , , 
16/10/2018,98,47, , , , 
17/10/2018,90,58, , , , 
18/10/2018,107,64, , , , 
19/10/2018,113,50, , , , 
20/10/2018,92,41, , , , 
21/10/2018,80,36, , , , 
22/10/2018,78,45, , , , 
23/10/2018,85,45, , , , 
24/10/2018,88,17, , , , 
25/10/2018,48,47, , , , 
26/10/2018,97,51, , , , 
27/10/2018,101,36, , , , 
28/10/2018,76,42, , , , 
29/10/2018,75,45, , , , 
30/10/2018,83,54, , , , 
31/10/2018,91,62, , , , 
01/11/2018,98,64, , , , 
02/11/2018,94,62, , , , 
03/11/2018,99,53, , , , 
04/11/2018,91,49, , , , 
05/11/2018,93,61, , , , 
06/11/2018,115,67, , , , 
07/11/2018,120,69, , , , 
08/11/2018,125,80, , , , 
09/11/2018,137,68, , , , 
10/11/2018,118,71, , , , 
11/11/2018,130,78, , , , 
12/11/2018,140,81, , , , 
13/11/2018,140,85, , , , 
14/11/2018,141,28, , , , 
15/11/2018,62,41, , , , 
16/11/2018,78,33, , , , 
17/11/2018,62,68, , , , 
18/11/2018,95,59, , , , 
19/11/2018,106,41, , , , 
20/11/2018,74,21, , , , 
21/11/2018,55,39, , , , 
22/11/2018,66,50, , , , 
23/11/2018,83,53, , , , 
24/11/2018,82,56, , , , 
25/11/2018,90,39, , , , 
26/11/2018,68,27, , , , 
27/11/2018,57,7, , , , 
28/11/2018,18,14, , , , 
29/11/2018,30,49, , , , 
30/11/2018,75,93, , , , 
01/12/2018,147,91, , , , 
02/12/2018,138,103, , , , 
03/12/2018,153,144, , , , 
04/12/2018,168,23, , , , 
05/12/2018,54,35, , , , 
06/12/2018,60,82, , , , 
07/12/2018,123,115, , , , 
08/12/2018,152,95, , , , 
09/12/2018,125,37, , , , 
10/12/2018,60,21, , , , 
11/12/2018,37,73, , , , 
12/12/2018,105,95, , , , 
13/12/2018,128,76, , , , 
14/12/2018,103,64, , , , 
15/12/2018,84,20, , , , 
16/12/2018,45,50, , , , 
17/12/2018,68,29, , , , 
18/12/2018,52,35, , , , 
19/12/2018,57,70, , , , 
20/12/2018,86,90, , , , 
21/12/2018,103,110, , , , 
22/12/2018,104,103, , , , 
23/12/2018,108,103, , , , 
24/12/2018,100,9, , , , 
25/12/2018,26,33, , , , 
26/12/2018,46,63, , , , 
27/12/2018,76,100, , , , 
28/12/2018,135,76, , , , 
29/12/2018,106,74, , , , 
30/12/2018,104, , , , , 
11/07/2018,76, , , , , 
12/07/2018,79, , , , , 
13/07/2018,89, , , , , 
14/07/2018,82, , , , , 
15/07/2018,63,37, , , , 
16/07/2018,109,29, , , , 
17/07/2018,70,24, , , , 
18/07/2018,69,38, , , , 
19/07/2018,99,56, , , , 
20/07/2018,135,37, , , , 
21/07/2018,96,34, , , , 
22/07/2018,89,36, , , , 
23/07/2018,79, , , , , 
24/07/2018,78, , , , , 
25/07/2018,68, , , , , 
26/07/2018,61, , , , , 
27/07/2018,63, , , , , 
28/07/2018,58, , , , , 
29/07/2018,60,23, , , , 
30/07/2018,70,26, , , , 
31/07/2018,68,32, , , , 
01/08/2018,70,24, , , , 
02/08/2018,57,22, , , , 
03/08/2018,58,25, , , , 
04/08/2018,62,26, , , , 
05/08/2018,65,23, , , , 
06/08/2018,71,39, , , , 
07/08/2018,88,34, , , , 
08/08/2018,84,37, , , , 
09/08/2018,86,27, , , , 
10/08/2018,70,25, , , , 
11/08/2018,63,28, , , , 
12/08/2018,66,28, , , , 
13/08/2018,71,37, , , , 
14/08/2018,85,27, , , , 
15/08/2018,70,29, , , , 
16/08/2018,78,31, , , , 
17/08/2018,73,29, , , , 
18/08/2018,70,26, , , , 
19/08/2018,67,29, , , , 
20/08/2018,67,29, , , , 
21/08/2018,68,25, , , , 
22/08/2018,68,34, , , , 
23/08/2018,73,35, , , , 
24/08/2018,75,39, , , , 
25/08/2018,90,30, , , , 
26/08/2018,76,20, , , , 
27/08/2018,55,15, , , , 
28/08/2018,44,28, , , , 
29/08/2018,66,33, , , , 
30/08/2018,74,37, , , , 
31/08/2018,76,35, , , , 
01/09/2018,75,38, , , , 
02/09/2018,81,37, , , , 
03/09/2018,79,21, , , , 
04/09/2018,56,19, , , , 
05/09/2018,49,26, , , , 
06/09/2018,62,32, , , , 
07/09/2018,74,19, , , , 
08/09/2018,53, , , , , 
10/09/2018,53,27, , , , 
11/09/2018,66,29, , , , 
12/09/2018,72,33, , , , 
13/09/2018,73,32, , , , 
14/09/2018,72,37, , , , 
15/09/2018,78,23, , , , 
16/09/2018,62,29, , , , 
17/09/2018,73,39, , , , 
18/09/2018,82,40, , , , 
19/09/2018,85,38, , , , 
20/09/2018,82,36, , , , 
21/09/2018,84,38, , , , 
22/09/2018,85,51, , , , 
23/09/2018,98,66, , , , 
24/09/2018,137,14, , , , 
25/09/2018,82,17, , , , 
26/09/2018,63,24, , , , 
27/09/2018,68,36, , , , 
28/09/2018,89,38, , , , 
29/09/2018,96,37, , , , 
30/09/2018,94,45, , , , 
01/04/2018,32,19,51, , , 
02/04/2018,33,31,27, , , 
03/04/2018,52,35,27, , , 
04/04/2018,61,44,16, , , 
05/04/2018,63,22,20, , , 
06/04/2018,34,14,38, , , 
07/04/2018,28,26,39, , , 
08/04/2018,46,26,40, , , 
09/04/2018,46,26,24, , , 
10/04/2018,108,41,21, , , 
11/04/2018,91,45,24, , , 
12/04/2018,91,50,22, , , 
13/04/2018,100,60,30, , , 
14/04/2018,113,53,28, , , 
15/04/2018,98,44,10, , , 
16/04/2018,95,39,26, , , 
17/04/2018,80,39,31, , , 
18/04/2018,75,31,41, , , 
19/04/2018,75,29,67, , , 
20/04/2018,90,29,46, , , 
21/04/2018,79,31,57, , , 
22/04/2018,76,35,42, , , 
23/04/2018,84,37,26, , , 
24/04/2018,87,41,27, , , 
25/04/2018,95,42,25, , , 
26/04/2018,91,42,35, , , 
27/04/2018,90,45,35, , , 
28/04/2018,97,40,39, , , 
29/04/2018,99,36,20, , , 
30/04/2018,80,36,36, , , 
01/05/2018,71,41,27, , , 
02/05/2018,81,44,17, , , 
03/05/2018,93,46,26, , , 
04/05/2018,98,41,37, , , 
05/05/2018,81,23,24, , , 
06/05/2018,57,25,26, , , 
07/05/2018,62,33,44, , , 
08/05/2018,73,32,43, , , 
09/05/2018,72,30,36, , , 
10/05/2018,73,27,24, , , 
11/05/2018,64,24,43, , , 
12/05/2018,59,22,52, , , 
13/05/2018,61,23,24, , , 
14/05/2018,63,26,23, , , 
15/05/2018,64,15,39, , , 
16/05/2018,49,17,38, , , 
17/05/2018,56,24,31, , , 
18/05/2018,66,18,40, , , 
19/05/2018,52,23,62, , , 
20/05/2018,63,26,17, , , 
21/05/2018,64,34,12, , , 
22/05/2018,69,38,19, , , 
23/05/2018,67,21,30, , , 
24/05/2018,52,24,52, , , 
25/05/2018,54,27,61, , , 
26/05/2018,60,23,57, , , 
27/05/2018,58,29,37, , , 
28/05/2018,66,32,45, , , 
29/05/2018,71,34,47, , , 
30/05/2018,80,36,43, , , 
31/05/2018,80,35,42, , , 
01/06/2018,78,31,64, , , 
02/06/2018,75,28,65, , , 
03/06/2018,67,29,49, , , 
04/06/2018,68,30,39, , , 
05/06/2018,69,27,36, , , 
06/06/2018,60,32,40, , , 
07/06/2018,72,39,31, , , 
08/06/2018,82,34,34, , , 
09/06/2018,69,24,39, , , 
10/06/2018,51,37,38, , , 
11/06/2018,68,37,40, , , 
12/06/2018,69,47,28, , , 
13/06/2018,72,43,26, , , 
14/06/2018,64,17,23, , , 
15/06/2018,41,25,38, , , 
16/06/2018,41,19,43, , , 
17/06/2018,45,25,34, , , 
18/06/2018,60,23,37, , , 
19/06/2018,58,28,36, , , 
20/06/2018,65,35,43, , , 
21/06/2018,102,30,47, , , 
22/06/2018,77,16,33, , , 
23/06/2018,46,14,52, , , 
24/06/2018,50,23,31, , , 
25/06/2018,61,10,27, , , 
26/06/2018,48, ,32, , , 
27/06/2018,40, ,21, , , 
01/01/2018,181,97,11, , , 
02/01/2018,156,41,25, , , 
03/01/2018,85,39,12, , , 
04/01/2018,75,76,3, , , 
05/01/2018,135,99,5, , , 
06/01/2018,162,101,3, , , 
07/01/2018,166,135,1, , , 
08/01/2018,185,95, , , , 
09/01/2018,149,67,1, , , 
10/01/2018,120,57,4, , , 
11/01/2018,105,43,3, , , 
12/01/2018,83,29,9, , , 
13/01/2018,62,25,6, , , 
14/01/2018,67,27,9, , , 
15/01/2018,54,37,2, , , 
16/01/2018,69,38,15, , , 
17/01/2018,68,24,36, , , 
18/01/2018,63,63,16, , , 
19/01/2018,132,67,5, , , 
20/01/2018,125,50,7, , , 
21/01/2018,97,23,24, , , 
22/01/2018,57,45,25, , , 
23/01/2018,88,43,28, , , 
24/01/2018,84,66,12, , , 
25/01/2018,126,84,9, , , 
26/01/2018,151,94,7, , , 
27/01/2018,157,105,14, , , 
28/01/2018,166,152,1, , , 
29/01/2018,187, , , , , 
12/02/2018,81,60,2, , , 
13/02/2018,100,31,14, , , 
14/02/2018,61,36,24, , , 
15/02/2018,67,41,30, , , 
16/02/2018,78,69,12, , , 
17/02/2018,114,58,24, , , 
18/02/2018,94,25,6, , , 
19/02/2018,47,32,1, , , 
20/02/2018,58,29,8, , , 
21/02/2018,52,49,2, , , 
22/02/2018,66,47,7, , , 
23/02/2018,67,28,24, , , 
24/02/2018,46,23,41, , , 
25/02/2018,58,28,28, , , 
26/02/2018,80,43,35, , , 
27/02/2018,90,43,55, , , 
28/02/2018,88,68,36, , , 
01/03/2018,124,64,42, , , 
02/03/2018,114,63,7, , , 
03/03/2018,108,33,19, , , 
04/03/2018,65,53,7, , , 
05/03/2018,88,39,4, , , 
06/03/2018,68,20,36, , , 
07/03/2018,48,33,29, , , 
08/03/2018,61,36,20, , , 
09/03/2018,61,46,28, , , 
10/03/2018,74,48,29, , , 
11/03/2018,77,48,10, , , 
12/03/2018,75,25,27, , , 
13/03/2018,49,35,19, , , 
14/03/2018,58,31,21, , , 
15/03/2018,50,43,13, , , 
16/03/2018,64,47,22, , , 
17/03/2018,67,49,16, , , 
18/03/2018,58,29,8, , , 
19/03/2018,46,24,21, , , 
20/03/2018,47,29,33, , , 
21/03/2018,52,28,28, , , 
22/03/2018,54,26,32, , , 
23/03/2018,56,28,53, , , 
24/03/2018,62,57,30, , , 
25/03/2018,93,29,22, , , 
26/03/2018,59,29,23, , , 
27/03/2018,54,29,63, , , 
28/03/2018,54,40,28, , , 
29/03/2018,64,45,27, , , 
30/03/2018,68,41,38, , , 
31/03/2018,63,18,65, , , 
01/10/2017,70,34,23, , , 
02/10/2017,80,43,24, , , 
03/10/2017,95,44,9, , , 
04/10/2017,95,40,21, , , 
05/10/2017,91,36,27, , , 
06/10/2017,79,11,31, , , 
07/10/2017,33,12,45, , , 
08/10/2017,38,32,17, , , 
09/10/2017,74,35,13, , , 
10/10/2017,81,34,23, , , 
11/10/2017,78,41,14, , , 
12/10/2017,92,43,34, , , 
13/10/2017,90,42,45, , , 
14/10/2017,85,37,48, , , 
15/10/2017,80,48,15, , , 
16/10/2017,98,50,11, , , 
17/10/2017,96,51,13, , , 
18/10/2017,106,49,11, , , 
19/10/2017,102,49,15, , , 
20/10/2017,101,51,21, , , 
21/10/2017,112,47,26, , , 
22/10/2017,99,41,20, , , 
23/10/2017,83,9,18, , , 
24/10/2017,29,10,21, , , 
25/10/2017,36,33,17, , , 
26/10/2017,80,55,6, , , 
27/10/2017,116,23,33, , , 
28/10/2017,59,20,46, , , 
29/10/2017,60,17,47, , , 
30/10/2017,57,39,12, , , 
31/10/2017,92,50,10, , , 
01/11/2017,111,57,7, , , 
02/11/2017,129,78,21, , , 
03/11/2017,153,34,28, , , 
04/11/2017,81,53,17, , , 
05/11/2017,120,68,3, , , 
06/11/2017,148,67,3, , , 
07/11/2017,144,52,9, , , 
08/11/2017,108,45,2, , , 
09/11/2017,94,67,1, , , 
10/11/2017,136,81,1, , , 
11/11/2017,155,55,3, , , 
12/11/2017,121,58,1, , , 
13/11/2017,125,51,1, , , 
14/11/2017,108,19,2, , , 
15/11/2017,55,20, , , , 
16/11/2017,64,33, , , , 
17/11/2017,92,27,1, , , 
18/11/2017,74,29,11, , , 
19/11/2017,72,14,24, , , 
20/11/2017,39,36,7, , , 
21/11/2017,87,63,2, , , 
22/11/2017,134,79,1, , , 
23/11/2017,159,86,1, , , 
24/11/2017,163,83,2, , , 
25/11/2017,160,90,4, , , 
26/11/2017,169,23,23, , , 
27/11/2017,57,24,28, , , 
28/11/2017,62,71,3, , , 
29/11/2017,141,62, , , , 
30/11/2017,123,33,2, , , 
01/12/2017,78,15,5, , , 
02/12/2017,43,44,1, , , 
03/12/2017,99,51,7, , , 
04/12/2017,105,29,18, , , 
05/12/2017,70,45,21, , , 
06/12/2017,103,88,2, , , 
07/12/2017,164,95,3, , , 
08/12/2017,168,89,2, , , 
09/12/2017,158,34,16, , , 
10/12/2017,81,102,2, , , 
11/12/2017,175,85,5, , , 
12/12/2017,148,152,1, , , 
13/12/2017,209,224,2, , , 
14/12/2017,242,134,1, , , 
15/12/2017,189,40,2, , , 
16/12/2017,83,17,15, , , 
17/12/2017,55,20,20, , , 
18/12/2017,59,26,25, , , 
19/12/2017,65,51,19, , , 
20/12/2017,112,32,26, , , 
21/12/2017,74,53,7, , , 
22/12/2017,112,26,26, , , 
23/12/2017,63,34,23, , , 
24/12/2017,83,76,2, , , 
25/12/2017,148,109,2, , , 
26/12/2017,172,107,1, , , 
27/12/2017,169,50,1, , , 
28/12/2017,102,33,7, , , 
29/12/2017,72,25,16, , , 
30/12/2017,56, , , , , 
01/07/2017,93,46,60, , , 
02/07/2017,77,40,43, , , 
03/07/2017,90,46,43, , , 
04/07/2017,120,46,62, , , 
05/07/2017,70,32,66, , , 
06/07/2017,68,31,53, , , 
07/07/2017,77,29,84, , , 
08/07/2017,74,29,78, , , 
09/07/2017,70,36,45, , , 
10/07/2017,78,35,48, , , 
11/07/2017,83,36,69, , , 
12/07/2017,83,36,64, , , 
13/07/2017,97,19,54, , , 
14/07/2017,60,22,75, , , 
15/07/2017,66,21,54, , , 
16/07/2017,57,12,28, , , 
17/07/2017,41,19,35, , , 
18/07/2017,55,25,21, , , 
19/07/2017,60,29,38, , , 
20/07/2017,68,27,57, , , 
21/07/2017,68,33,57, , , 
22/07/2017,72,38,55, , , 
23/07/2017,81,43,27, , , 
24/07/2017,85,33,46, , , 
25/07/2017,78,23,36, , , 
26/07/2017,61,29,46, , , 
27/07/2017,77,15,52, , , 
28/07/2017,55,20,59, , , 
29/07/2017,61,23,58, , , 
30/07/2017,63,25,42, , , 
31/07/2017,65,22,43, , , 
01/08/2017,65,23,70, , , 
02/08/2017,63,26,55, , , 
03/08/2017,69,36,47, , , 
04/08/2017,84,42,81, , , 
05/08/2017,98,35,65, , , 
06/08/2017,83,40,33, , , 
07/08/2017,96,36,19, , , 
08/08/2017,77,36,26, , , 
09/08/2017,79,36,33, , , 
10/08/2017,82,37,35, , , 
11/08/2017,86,45,51, , , 
12/08/2017,98,21,36, , , 
13/08/2017,54,17,26, , , 
14/08/2017,46,25,40, , , 
15/08/2017,63,27,33, , , 
16/08/2017,70,33,41, , , 
17/08/2017,76,31,55, , , 
18/08/2017,75,32,58, , , 
19/08/2017,76,33,79, , , 
20/08/2017,79,29,30, , , 
21/08/2017,57,22,45, , , 
22/08/2017,47,43,49, , , 
23/08/2017,63,34,54, , , 
24/08/2017,67,30,36, , , 
25/08/2017,68,32,44, , , 
26/08/2017,77,30,61, , , 
27/08/2017,72,34,79, , , 
28/08/2017,77,27,36, , , 
29/08/2017,62,21,43, , , 
30/08/2017,60,32,42, , , 
31/08/2017,89,38,58, , , 
01/09/2017,100,46,69, , , 
02/09/2017,111,31,57, , , 
03/09/2017,77,19,50, , , 
04/09/2017,61,23,44, , , 
05/09/2017,67,28,17, , , 
06/09/2017,78, , , , , 
11/09/2017,85,24,40, , , 
12/09/2017,63,22,44, , , 
13/09/2017,59,28,32, , , 
14/09/2017,64,28,49, , , 
15/09/2017,68,33,58, , , 
16/09/2017,81,40,71, , , 
17/09/2017,91,43,41, , , 
18/09/2017,89,30,55, , , 
19/09/2017,70,26,25, , , 
20/09/2017,65,18,36, , , 
21/09/2017,51,20,30, , , 
22/09/2017,59,24,33, , , 
23/09/2017,68,31,42, , , 
24/09/2017,76,22,22, , , 
25/09/2017,60,28,22, , , 
26/09/2017,66,20,12, , , 
27/09/2017,57,26,14, , , 
28/09/2017,62,26,12, , , 
29/09/2017,61,26,33, , , 
30/09/2017,66,29,36, , , 
01/04/2017,94,36,47, , , 
02/04/2017,84,34,34, , , 
03/04/2017,91,32,26, , , 
04/04/2017,83,28,31, , , 
05/04/2017,67,27,30, , , 
06/04/2017,67,17,37, , , 
07/04/2017,49,21,34, , , 
08/04/2017,66,25,29, , , 
09/04/2017,72,34,22, , , 
10/04/2017,86,34,42, , , 
11/04/2017,82,29,46, , , 
12/04/2017,84,34,37, , , 
13/04/2017,86,32,45, , , 
14/04/2017,81,25,45, , , 
15/04/2017,75,25,40, , , 
16/04/2017,67,11,39, , , 
17/04/2017,45,19,35, , , 
18/04/2017,60,18,33, , , 
19/04/2017,55,12,34, , , 
20/04/2017,50,14,38, , , 
21/04/2017,65,29,54, , , 
22/04/2017,84,22,43, , , 
23/04/2017,63,23,30, , , 
24/04/2017,73,34,32, , , 
25/04/2017,87,30,29, , , 
26/04/2017,78,37,28, , , 
27/04/2017,88,57,24, , , 
28/04/2017,92,56,24, , , 
29/04/2017,93,40,17, , , 
30/04/2017,86,30,21, , , 
01/05/2017,63,48,23, , , 
02/05/2017,88,48,35, , , 
03/05/2017,91,38,36, , , 
04/05/2017,82,31,43, , , 
05/05/2017,76,20,43, , , 
06/05/2017,63,24,7, , , 
07/05/2017,66,18,35, , , 
08/05/2017,46,21,31, , , 
09/05/2017,61,19,38, , , 
10/05/2017,58,26,25, , , 
11/05/2017,66,29,23, , , 
12/05/2017,71,36,44, , , 
13/05/2017,78,25,48, , , 
14/05/2017,63,25,34, , , 
15/05/2017,70,22,18, , , 
16/05/2017,58,17,37, , , 
17/05/2017,53, , , , , 
22/05/2017,67,34,46, , , 
23/05/2017,80,24,33, , , 
24/05/2017,52,19,20, , , 
25/05/2017,44,12,17, , , 
26/05/2017,30,18,43, , , 
27/05/2017,48,14,39, , , 
28/05/2017,41,19,39, , , 
29/05/2017,63,21,41, , , 
30/05/2017,56,28,41, , , 
31/05/2017,68,33,43, , , 
01/06/2017,79,29,39, , , 
02/06/2017,69,24,34, , , 
03/06/2017,54,24,39, , , 
04/06/2017,50,29,29, , , 
05/06/2017,67,27,23, , , 
06/06/2017,64,28,26, , , 
07/06/2017,64,24,29, , , 
08/06/2017,51,19,48, , , 
09/06/2017,57,25,45, , , 
10/06/2017,62,19,30, , , 
11/06/2017,49,25,36, , , 
12/06/2017,60,24,51, , , 
13/06/2017,61,32,31, , , 
14/06/2017,80,33,17, , , 
15/06/2017,211,31,40, , , 
16/06/2017,91,31,35, , , 
17/06/2017,56,17,34, , , 
18/06/2017,39,15,36, , , 
19/06/2017,42,22,58, , , 
20/06/2017,55,30,51, , , 
21/06/2017,66,38,62, , , 
22/06/2017,77,37,44, , , 
23/06/2017,78,28,77, , , 
24/06/2017,70,27,79, , , 
25/06/2017,65,30,75, , , 
26/06/2017,69,36,49, , , 
27/06/2017,65,34,45, , , 
28/06/2017,70,34,43, , , 
29/06/2017,77,43,70, , , 
30/06/2017,91,47,42, , , 
02/01/2017,127,117,1, , , 
03/01/2017,112,74, , , , 
04/01/2017,72,87, , , , 
05/01/2017,271,26,20, , , 
06/01/2017,3,29,21, , , 
07/01/2017,14,49,22, , , 
08/01/2017,66,44,23, , , 
09/01/2017,56,54,20, , , 
10/01/2017,89,82,11, , , 
11/01/2017,103,324,1, , , 
12/01/2017,182,363,1, , , 
13/01/2017,199,108,7, , , 
14/01/2017,82,64,9, , , 
16/01/2017,170,137, , , , 
17/01/2017,252,39,1, , , 
18/01/2017,87,31,7, , , 
19/01/2017,86,69,11, , , 
20/01/2017,166,153,5, , , 
21/01/2017,273,83,16, , , 
22/01/2017,175,82,11, , , 
23/01/2017,174,95,13, , , 
24/01/2017,190,55,27, , , 
25/01/2017,122,54,22, , , 
26/01/2017,126,77,21, , , 
27/01/2017,172,161,18, , , 
28/01/2017,276,223,19, , , 
29/01/2017,350,206,11, , , 
30/01/2017,295,100,4, , , 
31/01/2017,194,87,10, , , 
01/02/2017,180,113,2, , , 
02/02/2017,210,128,3, , , 
03/02/2017,218,226,1, , , 
04/02/2017,337,406,8, , , 
05/02/2017,311,55,5, , , 
06/02/2017,218,49,8, , , 
07/02/2017,118,37,11, , , 
08/02/2017,91,56,11, , , 
09/02/2017,134,49,8, , , 
10/02/2017,93,44,18, , , 
11/02/2017,98,40,22, , , 
12/02/2017,92,42,28, , , 
13/02/2017,98,48,33, , , 
14/02/2017,115,78,16, , , 
15/02/2017,164,73,28, , , 
16/02/2017,153,85,17, , , 
17/02/2017,175,86,19, , , 
18/02/2017,166,44,17, , , 
19/02/2017,88,45,32, , , 
20/02/2017,118,68,18, , , 
21/02/2017,154,76,21, , , 
22/02/2017,145,63,19, , , 
23/02/2017,130,75,11, , , 
24/02/2017,150,50,23, , , 
25/02/2017,85,40,25, , , 
26/02/2017,92,67,11, , , 
27/02/2017,130,58,22, , , 
28/02/2017,105,52,38, , , 
01/03/2017,100,29,40, , , 
02/03/2017,64,53,28, , , 
03/03/2017,120,47,35, , , 
04/03/2017,102,47,34, , , 
05/03/2017,115,43,29, , , 
06/03/2017,96,31,24, , , 
07/03/2017,76,34,22, , , 
08/03/2017,89,33,40, , , 
09/03/2017,88,29,39, , , 
10/03/2017,73,20,29, , , 
11/03/2017,56,26,36, , , 
12/03/2017,70,24,36, , , 
13/03/2017,65,33,43, , , 
14/03/2017,99,39,47, , , 
15/03/2017,107,43,37, , , 
16/03/2017,105,41,46, , , 
17/03/2017,102,46,34, , , 
18/03/2017,108,36,45, , , 
19/03/2017,79,41,26, , , 
20/03/2017,104,48,31, , , 
21/03/2017,105,45,37, ,500, 
22/03/2017,96,47,30, , , 
23/03/2017,106,50,26, , , 
24/03/2017,109,54,41, , , 
25/03/2017,128,43,37, , , 
26/03/2017,97,22,40, , , 
27/03/2017,60,37,32, , , 
28/03/2017,91,46,34, , , 
29/03/2017,104,36,60, , , 
30/03/2017,93,27,49, , , 
31/03/2017,80,40,41, , , 
19/10/2016,102,28,6, , , 
20/10/2016,84,36,6, , , 
21/10/2016,61,35,6, , , 
22/10/2016,69,30,6, , , 
23/10/2016,77,45,10, , , 
24/10/2016,133,65,9, , , 
25/10/2016,108,60,4, , , 
26/10/2016,99,55,10, , , 
27/10/2016,45,19,14, , , 
28/10/2016,41,14,12, , , 
29/10/2016,88,38,13, , , 
30/10/2016,96,54,24, , , 
31/10/2016,73,36,23, , , 
01/11/2016,129,65,7, , , 
02/11/2016,126,65,7, , , 
03/11/2016,117,64,9, , , 
04/11/2016,59,32,7, , , 
05/11/2016,121,61,6, , , 
06/11/2016,120,65,13, , , 
07/11/2016,78,54,4, , , 
08/11/2016,62,49,4, , , 
09/11/2016,26,27,2, , , 
10/11/2016,81,39,2, , , 
11/11/2016,139,70,1, , , 
12/11/2016,72,37,4, , , 
13/11/2016,57,28,17, , , 
14/11/2016,84,34,11, , , 
15/11/2016,91,41,13, , , 
16/11/2016,135,67,6, , , 
17/11/2016,148,83,6, , , 
18/11/2016,159,93,4, , , 
19/11/2016,167,98,5, , , 
20/11/2016,168,102,7, , , 
21/11/2016,166,99,2, , , 
22/11/2016,168,105,4, , , 
23/11/2016,159,100,1, , , 
24/11/2016,134,88,2, , , 
25/11/2016,71,46,3, , , 
26/11/2016,109,68,1, , , 
27/11/2016,155,101,1, , , 
28/11/2016,83,54,13, , , 
29/11/2016,40,19,17, , , 
30/11/2016,70,30,18, , , 
01/12/2016,130,72,3, , , 
02/12/2016,131,86,4, , , 
03/12/2016,80,46,11, , , 
04/12/2016,150,89,4, , , 
05/12/2016,155,98,3, , , 
06/12/2016,149,107,2, , , 
07/12/2016,138,101,4, , , 
08/12/2016,140,95,3, , , 
09/12/2016,169,140,2, , , 
10/12/2016,183,188,1, , , 
11/12/2016,172,166,1, , , 
12/12/2016,120,128,5, , , 
13/12/2016,59,32,18, , , 
14/12/2016,114,75,1, , , 
15/12/2016,127,97,2, , , 
16/12/2016,64,50,5, , , 
17/12/2016,92,63,5, , , 
18/12/2016,152,128,1, , , 
19/12/2016,164,152,1, , , 
20/12/2016,160,180,1, , , 
21/12/2016,111,99,1, , , 
22/12/2016,138,122,1, , , 
23/12/2016,86,80,1, , , 
24/12/2016,105,103,1, , , 
25/12/2016,141,137,1, , , 
26/12/2016,118,94, , , , 
27/12/2016,62,50,13, , , 
28/12/2016,55,21,19, , , 
29/12/2016,44,18,19, , , 
30/12/2016,30,17,22, ,500, 
31/12/2016,42,27,19, ,500, 
01/01/2017,127,104,2, , , 
01/07/2016,70,27,36,3, , 
02/07/2016,29,39,43,4, , 
03/07/2016,40,34,34,1, , 
04/07/2016,42,21,43,1, , 
05/07/2016,32,25,38,4, , 
06/07/2016,45,20,37,2, , 
07/07/2016,19,18,46,4, , 
08/07/2016,31,34,53,4, , 
09/07/2016,49,28,46,3, , 
10/07/2016,51,28,38,5, , 
11/07/2016,47,34,38,5, , 
12/07/2016,51,35,43,3, , 
13/07/2016,62,46,36,3, , 
14/07/2016,44, , , , , 
21/07/2016,69,27,39, , , 
22/07/2016,66,38,49, , , 
23/07/2016,46,41,47,1, , 
24/07/2016,50,43,35, , , 
25/07/2016,49,31,24, , , 
26/07/2016,32,31,36, , , 
27/07/2016,39,49,38, , , 
28/07/2016,53,22,48, , , 
29/07/2016,26,31,44, , , 
30/07/2016,35,25,48, , , 
31/07/2016,28,38,39, , , 
01/08/2016,45,23,41, , , 
02/08/2016,20,17,37, , , 
03/08/2016,17,30,38, , , 
04/08/2016,35,35,35, , , 
05/08/2016,44,40,45, , , 
06/08/2016,46,43, , , , 
07/08/2016,93,39,24,1, , 
08/08/2016,70,34,19,1, , 
09/08/2016,61,39,28, , , 
10/08/2016,36,35,29, , , 
11/08/2016,37,15,27, , , 
12/08/2016,16,13,34, , , 
13/08/2016,14,26,38, , , 
14/08/2016,32,43,37, , , 
15/08/2016,44,40,36, , , 
16/08/2016,48,40,33, , , 
17/08/2016,45,29,28, , , 
18/08/2016,36,38,31, , , 
19/08/2016,38,40,38, , , 
20/08/2016,38,35,39, , , 
21/08/2016,36,47,23, , , 
22/08/2016,48,22,22, , , 
23/08/2016,16,22,29, , , 
24/08/2016,19,27,34, , , 
25/08/2016,24,23,29, , , 
26/08/2016,22,21,40, , , 
27/08/2016,24,25,36, , , 
28/08/2016,25,35,39, , , 
29/08/2016,35,40,42, , , 
30/08/2016,49,42,43, , , 
31/08/2016,45,38,29, , , 
01/09/2016,35,41,36, , , 
02/09/2016,34,31,47, , , 
03/09/2016,28,38,38, , , 
04/09/2016,36,44,33, , , 
05/09/2016,47,16,19, , , 
06/09/2016,15,28,3, , , 
07/09/2016,18,50,12, , , 
08/09/2016,30,36,19, , , 
09/09/2016,29,53,19, , , 
10/09/2016,42,47, , , , 
11/09/2016,29,47,23, , , 
12/09/2016,37,49,33, , , 
13/09/2016,40,49,31, , , 
14/09/2016,38,52,27, , , 
16/09/2016,62,54,24, , , 
17/09/2016,77,38,25, , , 
18/09/2016,25,32,18, , , 
19/09/2016,70,28,16, , , 
20/09/2016,95,27,17, , , 
26/09/2016,103,41,18, , , 
27/09/2016,176,39,16, , , 
28/09/2016,103,53,15, , , 
29/09/2016,93,50,17, , , 
30/09/2016,227,53,23, , , 
01/04/2016,64,54,13,11, , 
02/04/2016,57,44,25,7, , 
03/04/2016,50,41,19,7, , 
04/04/2016,56,48,21,9, , 
05/04/2016,42,42,21,16, , 
06/04/2016,73,56,17,12, , 
07/04/2016,101,43,29,10, , 
08/04/2016,50,34,18,9, , 
09/04/2016,24,33,26,5, , 
10/04/2016,45,14,30,5, , 
11/04/2016,24,31,26,12, , 
12/04/2016,45,43,20,16, , 
13/04/2016,49,61,42,11, , 
14/04/2016,71,25,33,10, , 
15/04/2016,22,34,33,11, , 
16/04/2016,40,36,31,12, , 
17/04/2016,43,48,21,15, , 
18/04/2016,51,50,24,14, , 
19/04/2016,54,50,36,6, , 
20/04/2016,35,28,30,10, , 
21/04/2016,18,36,27,13, , 
22/04/2016,21,38,32,10, , 
23/04/2016,24,21,31,5, , 
24/04/2016,14,15,18,6, , 
25/04/2016,10,15,34,5, , 
26/04/2016,9,29,24,11, , 
27/04/2016,12,30,26,11, , 
28/04/2016,13,27,26,8, , 
29/04/2016,11,17,31,5, , 
30/04/2016,10,25,31,6, , 
01/05/2016,14,22,19,6, , 
02/05/2016,13,10,24,6, , 
03/05/2016,6,10,29,5, , 
04/05/2016,6,15,31,6, , 
05/05/2016,12,26,35,8, , 
06/05/2016,19,31,35,10, , 
07/05/2016,13,23,37,8, , 
08/05/2016,12,23,30,8, , 
09/05/2016,13,30,24,11, , 
10/05/2016,15,34,20,9, , 
11/05/2016,13,43,10,12, , 
12/05/2016,13,31,32,9, , 
13/05/2016,12,21,33,8, , 
14/05/2016,9,19,29,8, , 
15/05/2016,8,15,25,6, , 
16/05/2016,8,22,23,8, , 
17/05/2016,11,26,36,9, , 
18/05/2016,12,30,29,12, , 
19/05/2016,12,29,16,10, , 
20/05/2016,10,19,7,9, , 
21/05/2016,11,26,38,8, , 
22/05/2016,12,32,26,11, , 
23/05/2016,18,23,41,6, , 
24/05/2016,12,22,31,8, , 
25/05/2016,15,25,37,7, , 
26/05/2016,24,35,29,9, , 
27/05/2016,19,26,34,11, , 
28/05/2016,54, , , , , 
30/05/2016,110,31,37,6, , 
31/05/2016,23,37,29,9, , 
01/06/2016,16,23,24,7, , 
02/06/2016,15,22,34,5, , 
03/06/2016,19,23,35,7, , 
04/06/2016,52,30,35,7, , 
05/06/2016,45,21,31,5, , 
06/06/2016,30,27,35,4, , 
07/06/2016,37,24,38,7, , 
08/06/2016,36,24,32,8, , 
09/06/2016,37,23,29,7, , 
10/06/2016,34,23,33,7, , 
11/06/2016,38,28,33,7, , 
12/06/2016,36,18,23,9, , 
13/06/2016,18,22,30,8, , 
14/06/2016,29,20,30,7, , 
15/06/2016,33,23,32,10, , 
16/06/2016,28, , , , , 
19/06/2016,66,48,24, , , 
20/06/2016,64,57,30, , , 
21/06/2016,70,50,36, , , 
22/06/2016,61,39,30, , , 
23/06/2016,56,38,25, , , 
24/06/2016,52,39,28, , , 
25/06/2016,43,36,37, , , 
26/06/2016,44,37,39,1, , 
27/06/2016,51,21,37, , , 
28/06/2016,23,17,34, , , 
29/06/2016,23,34,37,3, , 
30/06/2016,31,38,42,4, , 
04/01/2016,135,196,2,24, , 
05/01/2016,232,272, ,21, , 
06/01/2016,277,56,3,14, , 
07/01/2016,123,80,3,17, , 
08/01/2016,157,105,2,18, , 
09/01/2016,180,120,2,19, , 
10/01/2016,191,168,1,20, , 
11/01/2016,206,38,21,12, , 
12/01/2016,106,38,14,10, , 
13/01/2016,79,80,4,15, , 
14/01/2016,144,69,1,13, , 
15/01/2016,133,42,12,5, , 
16/01/2016,59, ,20,3, , 
17/01/2016,51,13,20,5, , 
18/01/2016,95,43,21,7, , 
19/01/2016,108,74,8,14, , 
20/01/2016,152,103,15,19, , 
21/01/2016,180,41,22,8, , 
22/01/2016,99,63,17,12, , 
23/01/2016,128,95,9,14, , 
24/01/2016,169,104,8,19, , 
25/01/2016,169,92,6,16, , 
26/01/2016,146,85,4,15, , 
27/01/2016,153,131,1,21, , 
28/01/2016,181,194,1,24, , 
29/01/2016,216,155,5,21, , 
30/01/2016,182,98,5,16, , 
31/01/2016,148,106,4,20, , 
01/02/2016,152,89,4,19, , 
02/02/2016,134,73,4,16, , 
03/02/2016,111,48,13,11, , 
04/02/2016,77,14,18,5, , 
05/02/2016,30,36,22,7, , 
06/02/2016,67,60,15,12, , 
07/02/2016,99,72,12,15, , 
08/02/2016,105,83,10,15, , 
09/02/2016,115,53,3,14, , 
10/02/2016,77,23,14,12, , 
11/02/2016,34,40,10,10, , 
12/02/2016,58,48,2,11, , 
13/02/2016,81,51,9,11, , 
14/02/2016,97,45,8,9, , 
15/02/2016,82,66,4,11, , 
16/02/2016,81,60,5,11, , 
17/02/2016,79,64,1,13, , 
18/02/2016,84,59,6,13, , 
19/02/2016,83,26,17,7, , 
20/02/2016,43,44,18,9, , 
21/02/2016,70,75,9,15, , 
22/02/2016,116,69,6,15, , 
23/02/2016,103,45,14,11, , 
24/02/2016,65,38,15,10, , 
25/02/2016,59,40,11,9, , 
26/02/2016,60,36,15,9, , 
27/02/2016,57,36,19,8, , 
28/02/2016,56,37,17,11, , 
29/02/2016,45,42,19,9, , 
01/03/2016,70,47,20,12, , 
02/03/2016,69,43,17,13, , 
03/03/2016,74,29,19,11, , 
04/03/2016,48,35,20,12, , 
05/03/2016,64,31,26,10, , 
06/03/2016,57,40,19,10, , 
07/03/2016,64,41,11,14, , 
08/03/2016,75,46,8,14, , 
09/03/2016,70,21,8,10, , 
10/03/2016,39,33,7,12, , 
11/03/2016,57,42,5,11, , 
12/03/2016,57,10,10,6, , 
13/03/2016,20,16,23,5, , 
14/03/2016,30,29,14,11, , 
15/03/2016,39,32,14,10, , 
16/03/2016,49,33,13,11, , 
17/03/2016,57,48,16,12, , 
18/03/2016,72,42,35,8, , 
19/03/2016,69,42,28,12, , 
20/03/2016,66,51,17,16, , 
21/03/2016,73,42,20,9, , 
22/03/2016,66,37,10,9, , 
23/03/2016,36,21,23,6, , 
24/03/2016,36,23,33,6, , 
25/03/2016,46,36,27,11, , 
26/03/2016,49,31,34,5, , 
27/03/2016,51,45,21,12, , 
28/03/2016,66,44,19,12, , 
29/03/2016,66,45,17,11, , 
30/03/2016,72,42,22,9, , 
31/03/2016,66,44,18,9, , 
01/10/2015,80, ,15,10, , 
02/10/2015,121, ,18,10, , 
03/10/2015,95, ,23,10, , 
04/10/2015,92, ,10,12, , 
05/10/2015,106, ,18,14, , 
06/10/2015,96, ,3,13, , 
07/10/2015,90, ,12,12, , 
08/10/2015,64, ,8,9, , 
09/10/2015,68, ,8,8, , 
10/10/2015,72, ,11,7, , 
11/10/2015,46, ,7,6, , 
12/10/2015,71, ,6,8, , 
13/10/2015,106, ,9,10, , 
14/10/2015,97,36,6,10, , 
15/10/2015,73,34,5,12, , 
16/10/2015,70,34,6,8, , 
17/10/2015,70,58,9,7, , 
18/10/2015,101,52,7,10, , 
19/10/2015,95,38,5,8, , 
20/10/2015,69,23,13,7, , 
21/10/2015,61,22,16,6, , 
22/10/2015,64,10,17,3, , 
23/10/2015,40,28,21,5, , 
24/10/2015,73,59,10,9, , 
25/10/2015,130,72,4,14, , 
26/10/2015,152,74,6,12, , 
27/10/2015,157,73,6,12, , 
28/10/2015,155,62,5,12, , 
29/10/2015,140,59,9,11, , 
30/10/2015,127,51,10,11, , 
31/10/2015,124,39,15,9, , 
01/11/2015,93,69,8,13, , 
02/11/2015,143,92,5,15, , 
03/11/2015,168,92,5,18, , 
04/11/2015,169,93,6,17, , 
05/11/2015,169,102,6,18, , 
06/11/2015,174,110,8,19, , 
07/11/2015,178,127,4,20, , 
08/11/2015,193,98,2,17, , 
09/11/2015,177,60,6,14, , 
10/11/2015,133,69,3,15, , 
11/11/2015,136,73,3,16, , 
12/11/2015,156,78,2,15, , 
13/11/2015,162,67,13,13, , 
14/11/2015,152,49,11,12, , 
15/11/2015,108,97,2,20, , 
16/11/2015,174,83,2,16, , 
17/11/2015,157,92,1,16, , 
18/11/2015,166,108,1,16, , 
19/11/2015,181,122,1,20, , 
20/11/2015,190,110, ,17, , 
21/11/2015,182,27,7,9, , 
22/11/2015,80,47,2,12, , 
23/11/2015,97,40,1,9, , 
24/11/2015,84,46, ,8, , 
25/11/2015,92,29,3,7, , 
26/11/2015,70,13,3,5, , 
27/11/2015,47,24,4,6, , 
28/11/2015,50,41,17,8, , 
29/11/2015,89,79,3,14, , 
30/11/2015,151,153,1,18, , 
01/12/2015,202,177, ,19, , 
02/12/2015,233,95,1,16, , 
03/12/2015,169,92,1,14, , 
04/12/2015,167,89,1,11, , 
05/12/2015,164,95,1,8, , 
06/12/2015,167,124,1,10, , 
07/12/2015,177,124,1,13, , 
08/12/2015,185,81,2,12, , 
09/12/2015,156,51,4,9, , 
10/12/2015,116,35,8,7, , 
11/12/2015,83,58,12,11, , 
12/12/2015,113,113,5,15, , 
13/12/2015,186,160,1,24, , 
14/12/2015,224,168,1,19, , 
15/12/2015,221,124,5,16, , 
16/12/2015,195,54,8,8, , 
17/12/2015,114,91,2,15, , 
18/12/2015,164,147,1,19, , 
19/12/2015,202,143,2,17, , 
20/12/2015,202,119, ,13, , 
21/12/2015,182,178,1,15, , 
22/12/2015,217,180,1,18, , 
23/12/2015,228,173,1,23, , 
24/12/2015,241,223, ,25, , 
25/12/2015,263,122,1,18, , 
26/12/2015,197,139,1,18, , 
27/12/2015,209,185,1,21, , 
28/12/2015,245,214,1,26, , 
29/12/2015,260,54,5,12, , 
30/12/2015,126, , , , , 
01/01/2016,152,88,8,18, , 
02/01/2016,166,73,5,14, , 
03/01/2016,152,72,4,14, , 
01/07/2015,70,31,37,9, ,1
02/07/2015,74,33,43,9, ,1
03/07/2015,81,22,34,7, ,1
04/07/2015,68,27,44,8, ,1
05/07/2015,73,41,48,10, ,1
06/07/2015,98,34,38,12, ,1
07/07/2015,85,39,36,13, ,300
08/07/2015,87,45,41,6, ,409
09/07/2015,104,21,32,5, , 
10/07/2015,115,21,45,6, , 
11/07/2015,64,29,49,8, , 
12/07/2015,70,34,39,13, , 
13/07/2015,80,29,40,7, , 
14/07/2015,78,24,36,8, , 
15/07/2015,71,30,39,11, , 
16/07/2015,73,29,42,8, , 
17/07/2015,75,31,47,8, , 
18/07/2015,80,29,46,9, , 
19/07/2015,78,43,58,11, , 
20/07/2015,98,28,47,4, , 
21/07/2015,94,25,35,11, , 
22/07/2015,66,31,33,11, , 
23/07/2015,83,27,44,12, , 
24/07/2015,75,42,10,19, , 
25/07/2015,90, , , , , 
27/07/2015,136,36,42,10, , 
28/07/2015,83,42,43,12, , 
29/07/2015,91,35,46,10, , 
30/07/2015,89,30,42,7, , 
31/07/2015,87,24,42,5, , 
01/08/2015,67,36,44,8, , 
02/08/2015,81,30,35,5, , 
03/08/2015,76,34,38,6, , 
04/08/2015,84,34,43,8, , 
05/08/2015,81,40,31,11, , 
06/08/2015,86,39,30,12, , 
07/08/2015,97,40,42,9, , 
08/08/2015,103,24,44,8, , 
09/08/2015,69,37,39,11, , 
10/08/2015,85,44,47,9, , 
11/08/2015,97,48,37,12, , 
12/08/2015,110,40,42,10, , 
13/08/2015,99,42,24,13, , 
14/08/2015,86,31,47,11, , 
15/08/2015,76,43,45,10, , 
16/08/2015,102,20,25,10, , 
17/08/2015,58,18,35,11, , 
18/08/2015,59,22,29,11, , 
19/08/2015,63,24,32,9, , 
20/08/2015,65,17,32,6, , 
21/08/2015,54,17,21,6, , 
22/08/2015,51,16,33,7, , 
23/08/2015,49,22,29,11, , 
24/08/2015,62,33,30,14, , 
25/08/2015,77,37,29,13, , 
26/08/2015,83,36,31,14, , 
27/08/2015,86,31,40,11, , 
28/08/2015,78,31,41,12, , 
29/08/2015,76,33,41,11, , 
30/08/2015,82,48,29,14, , 
31/08/2015,107,49,27,16, , 
01/09/2015,110,38,29,17, , 
02/09/2015,92,48,40,16, , 
03/09/2015,108,47,33,17, , 
04/09/2015,109,42,32,12, , 
05/09/2015,92,35,38,3, , 
06/09/2015,85,16,31,6, , 
07/09/2015,45,15,36,2, , 
08/09/2015,42,24,28,9, , 
09/09/2015,62,22,14,9, , 
10/09/2015,63,33,14,9, , 
11/09/2015,75,19,31,5, , 
12/09/2015,55,33,30,11, , 
13/09/2015,73,40,22,13, , 
14/09/2015,88,38,23,14, , 
15/09/2015,88,41,26,13, , 
16/09/2015,86,54,22,16, , 
17/09/2015,99,64,27,16, , 
18/09/2015,109,61,12,14, , 
19/09/2015,109, , , , , 
21/09/2015,165,97,20,9, , 
22/09/2015,67,83,16,12, , 
23/09/2015,114,101,20,11, , 
24/09/2015,95, ,6,10, , 
25/09/2015,76, ,18,8, , 
26/09/2015,79, ,18,3, , 
27/09/2015,54, ,16,4, , 
28/09/2015,41, ,13,3, , 
29/09/2015,38, ,15,4, , 
30/09/2015,41, ,15,7, , 
19/04/2015,61,27,40,7,12,1
20/04/2015,81,28,35,6,3,1
21/04/2015,80,41,40,7,2,1
22/04/2015,119,41,30,14,3,2
23/04/2015,110,34,27,12,3,2
24/04/2015,82,29,35,8,2,2
25/04/2015,76,33,31,10,3,2
26/04/2015,83,37,23,13,3,3
27/04/2015,87,31,27,10,2,2
28/04/2015,81,19,18,7,2,1
29/04/2015,59,29,22,10,2,2
30/04/2015,76,18,33,8,2,1
01/05/2015,64,30,21,9,3,1
02/05/2015,70,25,31,8,2,2
03/05/2015,70,30,22,13,3,2
04/05/2015,75,34,25,14,3,2
05/05/2015,85,42,23,13,3,1
06/05/2015,93,40,24,11,3,1
07/05/2015,100,29,40,10,2,1
08/05/2015,80,32,29,10,2,1
09/05/2015,75,29,36,5,3,1
10/05/2015,82,18,32,5,3,1
11/05/2015,59,24,34,7,13,4
12/05/2015,64,39,27,13,2,5
13/05/2015,90,39,33,12,13,4
14/05/2015,96,40,29,15,2,4
15/05/2015,91,43,32,11,6,4
16/05/2015,101,41,36,7,6,4
17/05/2015,100,32,29,9,2,4
18/05/2015,84,43,26,12,2,4
19/05/2015,87,43,30,12,2,4
20/05/2015,95,48,27,12, ,4
21/05/2015,109,48,16,13,1,4
22/05/2015,106,28,38,6,12,3
23/05/2015,73,23,36,3,3,3
24/05/2015,60,17,32,6,3,4
25/05/2015,45,19,29,9,3,4
26/05/2015,54,21,24,5, ,3
27/05/2015,58,21,27,4,31,3
28/05/2015,54,21,34,4, ,3
29/05/2015,59,35,37,9,7,3
30/05/2015,85,28,38,8, ,4
31/05/2015,76,35,29,12, ,4
01/06/2015,87,30,34,10,1,4
02/06/2015,83,26,32,11, ,4
03/06/2015,74,37,31,13, ,5
04/06/2015,78,29,26,9,4,4
05/06/2015,75,23,34,8,5,4
06/06/2015,59,22,38,8,11,4
07/06/2015,62,26,28,12,6,4
08/06/2015,67,23,38,7,26,4
09/06/2015,58,41,27,12,3,4
10/06/2015,83,32,39,7,21,4
11/06/2015,81,30,31,11,8,4
12/06/2015,79,36,37,10,7,5
13/06/2015,85,30,40,8,15,5
14/06/2015,74,32,37,16, ,5
15/06/2015,96,34,33,7, ,4
16/06/2015,78,24,27,9,14,5
17/06/2015,52,21,19,5,9,4
18/06/2015,47,19,36,10,12,3
19/06/2015,151,27,27,5, ,4
20/06/2015,71,13,29,3, ,4
21/06/2015,44,15,32,7,1,3
22/06/2015,55,29,30,11, ,4
23/06/2015,74,39,28,13, ,4
24/06/2015,84,11,37,3,19,3
25/06/2015,50,22,28,7, , 
26/06/2015,59,18,31,3, , 
27/06/2015,56,30,39,6, , 
28/06/2015,76,23,30,5, , 
29/06/2015,108,14,28,6, , 
30/06/2015,58,32,25,10, , 
01/06/2023, ,28, , , , 
01/05/2023, ,29,10, , ,3
02/05/2023, ,28,14, , ,2
03/05/2023, ,24,11, , ,2
04/05/2023, ,26,15, , , 
05/05/2023, ,19,13, , ,1
06/05/2023, ,24,14, , , 
07/05/2023, ,23,12, , , 
08/05/2023, ,31,12, , ,1
09/05/2023, ,22,7, , , 
10/05/2023, ,16,7, , , 
11/05/2023, ,21,5, , , 
12/05/2023, ,22,7, , , 
13/05/2023, ,26,8, , , 
14/05/2023, ,21,7, , ,3
15/05/2023, ,27,4, , ,3
16/05/2023, ,38,13, , , 
17/05/2023, ,31,10, , , 
18/05/2023, ,18,13, , , 
19/05/2023, ,20,12, , , 
20/05/2023, ,29,11, , , 
21/05/2023, ,26,11, , , 
22/05/2023, ,26,13, , , 
23/05/2023, ,24,16, , , 
24/05/2023, ,33,15, , , 
25/05/2023, ,35,13, , , 
26/05/2023, ,24,15, , , 
27/05/2023, ,22,15, , , 
28/05/2023, ,24,15, , , 
29/05/2023, ,22,10, , , 
30/05/2023, ,26,4, , , 
31/05/2023, ,27,1, , , 
01/04/2023, ,30,12, , ,8
02/04/2023, ,17,6, , ,5
03/04/2023, ,26,12, ,1,1
04/04/2023, ,10,11, ,1,1
05/04/2023, ,16,15, , ,2
06/04/2023, ,23,11, , ,3
07/04/2023, ,27,11, ,1,3
08/04/2023, ,33,8, , ,3
09/04/2023, ,26,14, , ,3
10/04/2023, ,20,15, , ,4
11/04/2023, ,24,14, ,1,5
12/04/2023, ,27,7, , ,6
13/04/2023, ,32,14, , ,4
14/04/2023, ,23,12, , ,4
15/04/2023, ,16,15, , ,5
16/04/2023, ,24,11, , ,5
17/04/2023, ,17,8, , ,6
18/04/2023, ,19,10, , ,5
19/04/2023, ,19,13, , ,6
20/04/2023, ,34,16, ,1,5
21/04/2023, ,30,17, , ,4
22/04/2023, ,32,15, , ,5
23/04/2023, ,28,8, , ,5
24/04/2023, ,28,12, , ,6
25/04/2023, ,23,11, , ,5
26/04/2023, ,13,17, , ,4
27/04/2023, ,18,19, , ,5
28/04/2023, ,25,14, , ,6
29/04/2023, ,33,16, , ,6
30/04/2023, ,28,15, , ,7
02/01/2023, ,64,1, ,1,15
03/01/2023, ,80,1, ,2,15
04/01/2023, ,93,2, ,1,8
05/01/2023, ,93,1, ,1,12
06/01/2023, ,124,1, ,2,7
07/01/2023, ,78,1, ,1,8
08/01/2023, ,81,1, ,1,7
09/01/2023, ,82,3, ,1,2
10/01/2023, ,47,2, , ,1
11/01/2023, ,25,3, ,1,2
12/01/2023, ,24,1, ,1,3
13/01/2023, ,50,1, ,1,8
14/01/2023, ,94,2, ,1,5
15/01/2023, ,61,1, ,1,7
16/01/2023, ,72,1, ,1,7
17/01/2023, ,59,2, ,1,4
18/01/2023, ,45,5, , ,1
19/01/2023, ,65,3, , , 
20/01/2023, ,36,3, , ,5
21/01/2023, ,59,2, , ,5
22/01/2023, ,52,2, , ,2
23/01/2023, ,39,4, , ,1
24/01/2023, ,28,1, , ,2
25/01/2023, ,39,2, , ,2
26/01/2023, ,30,7, , ,1
27/01/2023, ,25,7, ,1, 
28/01/2023, ,28,7, , , 
29/01/2023, ,33,4, ,1,3
30/01/2023, ,47,11, , ,3
31/01/2023, ,31,10, ,1,4
01/02/2023, ,34,3, ,1,5
02/02/2023, ,57,8, , ,3
03/02/2023, ,26,9, , ,7
04/02/2023, ,60, , , , 
06/02/2023, ,18,11, ,2,4
07/02/2023, ,26,6, ,1,7
08/02/2023, ,48,3, ,1,8
09/02/2023, ,51,3, ,2,11
10/02/2023, ,61,5, ,1,12
11/02/2023, ,66,5, ,1,12
12/02/2023, ,68,5, ,1,11
13/02/2023, ,64,8, ,1,11
14/02/2023, ,55,9, ,1,10
15/02/2023, ,47,3, ,1,15
16/02/2023, ,68,2, ,1,16
17/02/2023, ,72,2, ,1,16
18/02/2023, ,73,5, ,1,16
19/02/2023, ,66,9, ,1,12
20/02/2023, ,40,2, ,1,15
21/02/2023, ,52,2, ,2,17
22/02/2023, ,60,2, ,1,16
23/02/2023, ,60,2, ,1,15
24/02/2023, ,64,4, ,1,14
25/02/2023, ,60,10, ,1,11
26/02/2023, ,50,7, , ,11
27/02/2023, ,38,3, , ,13
28/02/2023, ,51,2, , ,13
01/03/2023, ,52,1, ,1,13
02/03/2023, ,44,2, , ,13
03/03/2023, ,37,4, , ,12
04/03/2023, ,34,10, , ,12
05/03/2023, ,44,4, , ,13
06/03/2023, ,50,3, ,1,15
07/03/2023, ,49,3, , ,14
08/03/2023, ,45,6, , ,13
09/03/2023, ,40,1, , ,14
10/03/2023, ,46,11, , ,12
11/03/2023, ,24,13, , ,10
12/03/2023, ,14,6, , ,8
13/03/2023, ,29,4, ,1,5
14/03/2023, ,46,9, , ,4
15/03/2023, ,38,15, ,1,1
16/03/2023, ,13,14, , ,2
17/03/2023, ,17,7, , ,4
18/03/2023, ,32,8, , ,5
19/03/2023, ,39,4, ,1,7
20/03/2023, ,49,3, ,1,7
21/03/2023, ,57,6, , ,7
22/03/2023, ,34,6, , ,7
23/03/2023, ,45,5, , ,7
24/03/2023, ,43,5, , ,7
25/03/2023, ,41,14, , ,5
26/03/2023, ,21,13, , ,7
27/03/2023, ,27,16, , ,5
28/03/2023, ,12,17, , ,5
29/03/2023, ,12,6, , ,8
30/03/2023, ,36,6, ,1,9
31/03/2023, ,41,18, , ,8
01/10/2022, ,18,12, , ,6
02/10/2022, ,18,6, , ,4
03/10/2022, ,20,7, , ,2
04/10/2022, ,17,5, , ,3
05/10/2022, ,29,2, ,1,5
06/10/2022, ,41,8, ,1,5
07/10/2022, ,48,8, , ,4
08/10/2022, ,39,13, , ,4
09/10/2022, ,42,4, , ,6
10/10/2022, ,55,5, , ,4
11/10/2022, ,52,2, , ,5
12/10/2022, ,36,1, , ,6
13/10/2022, ,46,2, , ,5
14/10/2022, ,24,5, , ,5
15/10/2022, ,22,4, , ,6
16/10/2022, ,33,1, , ,5
17/10/2022, ,38, , , , 
19/10/2022, ,80,6, ,1,8
20/10/2022, ,46,4, , ,7
21/10/2022, ,41,4, ,1,8
22/10/2022, ,51,5, ,1,9
23/10/2022, ,53,4, , ,9
24/10/2022, ,54,1, ,1,11
25/10/2022, ,75,4, ,1,11
26/10/2022, ,61,4, ,1,9
27/10/2022, ,45,3, ,1,10
28/10/2022, ,46,5, ,1,10
29/10/2022, ,52,2, ,1,13
30/10/2022, ,53,2, ,2,13
31/10/2022, ,61,1, ,1,8
01/11/2022, ,59,1, ,1,6
02/11/2022, ,64,1, ,1,8
03/11/2022, ,70,1, ,1,7
04/11/2022, ,68,5, , ,4
05/11/2022, ,63,2, , ,4
06/11/2022, ,43,1, , ,6
07/11/2022, ,53,1, , ,7
08/11/2022, ,63,1, , ,7
09/11/2022, ,67,3, , ,7
10/11/2022, ,65, , , , 
13/11/2022, ,43,1, ,1,11
14/11/2022, ,64,1, ,1,11
15/11/2022, ,77,1, , ,9
16/11/2022, ,68,1, , ,8
17/11/2022, ,55,1, , ,10
18/11/2022, ,64,1, , ,12
19/11/2022, ,56,3, , ,6
20/11/2022, ,30,4, , ,5
21/11/2022, ,15,3, , ,7
22/11/2022, ,37,2, , ,8
23/11/2022, ,34,2, , ,8
24/11/2022, ,39,5, ,4,8
25/11/2022, ,36,3, ,4,9
26/11/2022, ,49,5, ,4,8
27/11/2022, ,45,3, ,4,9
28/11/2022, ,41,1, ,4,12
29/11/2022, ,58,1, ,5,15
30/11/2022, ,75,1, ,4,6
01/12/2022, ,33,2, , ,4
02/12/2022, ,44,1, , ,5
03/12/2022, ,51,1, , ,8
04/12/2022, ,67,1, , ,4
05/12/2022, ,46,1, , ,4
06/12/2022, ,47,1, , ,6
07/12/2022, ,56, , , , 
18/12/2022, ,25,4, , ,7
19/12/2022, ,46,1, ,1,10
20/12/2022, ,67,1, ,2,15
21/12/2022, ,85,1, ,1,16
22/12/2022, ,101,1, ,1,25
23/12/2022, ,145,2, ,2,31
24/12/2022, ,190, , , , 
28/12/2022, ,109,1, ,2,17
29/12/2022, ,89,1, ,1,16
30/12/2022, ,82,1, ,1,17
31/12/2022, ,111,1, ,1,16
01/01/2023, ,80,1, , ,17
07/07/2022, ,33,14, , , 
06/08/2022, ,27,27, , , 
07/08/2022, ,25,16, , , 
24/08/2022, ,45,15, , , 
28/08/2022, ,36,16, , , 
07/09/2022, ,36,12, , ,2
25/09/2022, ,39,4, , ,6
26/09/2022, ,30,7, , ,6
27/09/2022, ,24,7, , ,6
28/09/2022, ,26,3, , ,7
29/09/2022, ,35,4, , ,8
30/09/2022, ,35,3, , ,7
20/06/2022, ,37,23, , ,1
02/01/2022, ,73,1,10,2,18
06/02/2022, ,61,17,9, ,12
23/10/2021, ,12,16,2, , 
24/10/2021, ,30,4,6, ,3
03/11/2021, ,46,5,15, ,3
04/11/2021, ,47,4,15, ,3
14/11/2021, ,70,2,8,1,3
08/08/2021, ,30,30,11, ,7
04/04/2021, ,21,16,13, ,2
05/04/2021, ,25,23,8, ,2
06/04/2021, ,17,21,7, ,2
07/04/2021, ,13,22,2, ,1
08/04/2021, ,28,21,10, ,3
09/04/2021, ,33,18,10, ,4
10/04/2021, ,35,19,9, ,3
11/04/2021, ,36,15,12, ,3
12/04/2021, ,38,12,13, ,4
13/04/2021, ,17,19,3, ,2
14/04/2021, ,18,19,10, ,3
15/04/2021, ,23,24,12, ,3
16/04/2021, ,30,20,13, ,4
17/04/2021, ,27,8,5, ,4
18/04/2021, ,25,15,5, ,5
19/04/2021, ,18,16,10, ,3
20/04/2021, ,24,16,9, , 
21/04/2021, ,22,19,8, , 
22/04/2021, ,19,10,9, , 
23/04/2021, ,18,22,4, , 
24/04/2021, ,22,22,6, ,1
25/04/2021, ,28,22,12, ,3
05/06/2021, ,34,26,10, ,5
06/06/2021, ,34,11,13, ,6
28/06/2021, ,25,19,2, ,4
18/10/2020, ,31, , , , 
02/01/2021, ,67, , , , 
31/12/2019, ,59, , , , 
31/01/2020, ,74, , , , 
01/02/2020, ,70, , , , 
02/02/2020, ,65, , , , 
03/02/2020, ,52, , , , 
09/07/2019, ,24, , , , 
10/07/2019, ,15, , , , 
11/07/2019, ,12, , , , 
12/07/2019, ,28, , , , 
13/07/2019, ,25, , , , 
14/07/2019, ,17, , , , 
15/07/2019, ,22, , , , 
16/07/2019, ,16, , , , 
17/07/2019, ,17, , , , 
18/07/2019, ,31, , , , 
19/07/2019, ,33, , , , 
20/07/2019, ,30, , , , 
21/07/2019, ,30, , , , 
22/07/2019, ,37, , , , 
24/07/2019, ,22, , , , 
25/07/2019, ,23, , , , 
26/07/2019, ,32, , , , 
27/07/2019, ,33, , , , 
28/07/2019, ,27, , , , 
29/07/2019, ,25, , , , 
30/07/2019, ,22, , , , 
31/07/2019, ,33, , , , 
01/08/2019, ,33, , , , 
02/08/2019, ,28, , , , 
03/08/2019, ,26, , , , 
04/08/2019, ,16, , , , 
05/08/2019, ,17, , , , 
06/08/2019, ,24, , , , 
07/08/2019, ,30, , , , 
08/08/2019, ,31, , , , 
09/08/2019, ,35, , , , 
10/08/2019, ,32, , , , 
11/08/2019, ,30, , , , 
12/08/2019, ,29, , , , 
13/08/2019, ,33, , , , 
14/08/2019, ,59, , , , 
15/08/2019, ,27, , , , 
16/08/2019, ,18, , , , 
17/08/2019, ,20, , , , 
18/08/2019, ,24, , , , 
19/08/2019, ,36, , , , 
20/08/2019, ,36, , , , 
21/08/2019, ,32, , , , 
22/08/2019, ,33, , , , 
23/08/2019, ,41, , , , 
24/08/2019, ,41, , , , 
25/08/2019, ,39, , , , 
26/08/2019, ,53, , , , 
27/08/2019, ,37, , , , 
28/08/2019, ,29, , , , 
29/08/2019, ,35, , , , 
30/08/2019, ,33, , , , 
31/08/2019, ,33, , , , 
01/09/2019, ,28, , , , 
02/09/2019, ,35, , , , 
03/09/2019, ,43, , , , 
04/09/2019, ,37, , , , 
05/09/2019, ,35, , , , 
06/09/2019, ,45, , , , 
07/09/2019, ,33, , , , 
08/09/2019, ,26, , , , 
09/09/2019, ,27, , , , 
10/09/2019, ,50, , , , 
06/05/2019, ,18, , , , 
31/12/2018, ,23, , , , 
09/09/2018, ,16, , , , 
31/12/2017, ,118,5, , , 
11/02/2018, ,49,6, , , 
10/09/2017, ,34,31, , , 
21/05/2017, ,21,28, , , 
15/01/2017, ,85,1, , , 
01/10/2016, ,52,29, , , 
02/10/2016, ,52,29, , , 
03/10/2016, ,48,20, , , 
04/10/2016, ,26,11, , , 
05/10/2016, ,24,11, , , 
06/10/2016, ,25,17, , , 
07/10/2016, ,50,1, , , 
08/10/2016, ,81,13, , , 
09/10/2016, ,46,15, , , 
10/10/2016, ,48,2, , , 
11/10/2016, ,66,4, , , 
12/10/2016, ,26,9, , , 
13/10/2016, ,35,9, , , 
14/10/2016, ,56,8, , , 
15/10/2016, ,57,13, , , 
16/10/2016, ,55,7, , , 
17/10/2016, ,28,8, , , 
18/10/2016, ,26,8, , , 
20/07/2016, ,41,32, , , 
15/09/2016, ,54,20, , , 
21/09/2016, ,23,22, , , 
22/09/2016, ,33,23, , , 
23/09/2016, ,36,2, , , 
25/09/2016, ,40,25, , , 
29/05/2016, ,59,37,2, , 
18/06/2016, ,44,22, , , 
31/12/2015, ,73,8,15, , 
26/07/2015, ,38,36,14, , 
20/09/2015, ,24,16,6, , 
18/04/2015, ,22,31,4,2,1
05/02/2023, , ,9, ,1,4
11/11/2022, , ,1, , ,5
12/11/2022, , ,2, , ,6
17/12/2022, , ,5, , ,4
27/12/2022, , ,2, ,2,23
01/07/2018, , ,36, , , 
02/07/2018, , ,30, , , 
03/07/2018, , ,51, , , 
04/07/2018, , ,68, , , 
05/07/2018, , ,74, , , 
06/07/2018, , ,70, , , 
07/07/2018, , ,82, , , 
08/07/2018, , ,65, , , 
09/07/2018, , ,78, , , 
28/06/2018, , ,20, , , 
29/06/2018, , ,33, , , 
30/06/2018, , ,36, , , 
18/10/2022, , , , ,2,14
